-- phpMyAdmin SQL Dump
-- version 5.1.1
-- https://www.phpmyadmin.net/
--
-- Host: 127.0.0.1
-- Generation Time: Dec 20, 2021 at 08:55 AM
-- Server version: 10.4.20-MariaDB
-- PHP Version: 7.4.22

SET SQL_MODE = "NO_AUTO_VALUE_ON_ZERO";
START TRANSACTION;
SET time_zone = "+00:00";


/*!40101 SET @OLD_CHARACTER_SET_CLIENT=@@CHARACTER_SET_CLIENT */;
/*!40101 SET @OLD_CHARACTER_SET_RESULTS=@@CHARACTER_SET_RESULTS */;
/*!40101 SET @OLD_COLLATION_CONNECTION=@@COLLATION_CONNECTION */;
/*!40101 SET NAMES utf8mb4 */;

--
-- Database: `survey_app`
--

-- --------------------------------------------------------

--
-- Table structure for table `answers`
--

CREATE TABLE `answers` (
  `id` bigint(20) UNSIGNED NOT NULL,
  `survey_id` bigint(20) UNSIGNED NOT NULL,
  `user_id` bigint(20) UNSIGNED NOT NULL,
  `question_id` bigint(20) UNSIGNED NOT NULL,
  `m_c_q_s_id` bigint(20) UNSIGNED NOT NULL,
  `created_at` timestamp NULL DEFAULT NULL,
  `updated_at` timestamp NULL DEFAULT NULL
) ENGINE=InnoDB DEFAULT CHARSET=utf8mb4 COLLATE=utf8mb4_unicode_ci;

--
-- Dumping data for table `answers`
--

INSERT INTO `answers` (`id`, `survey_id`, `user_id`, `question_id`, `m_c_q_s_id`, `created_at`, `updated_at`) VALUES
(1, 21, 1, 1, 1, '2021-12-19 04:33:37', '2021-12-19 04:33:37'),
(2, 21, 1, 2, 2, '2021-12-19 04:33:37', '2021-12-19 04:33:37'),
(3, 21, 1, 3, 3, '2021-12-19 04:33:37', '2021-12-19 04:33:37'),
(4, 21, 1, 4, 3, '2021-12-19 04:33:37', '2021-12-19 04:33:37'),
(5, 21, 1, 5, 3, '2021-12-19 04:33:37', '2021-12-19 04:33:37'),
(6, 22, 23, 1, 1, '2021-12-19 04:34:42', '2021-12-19 04:34:42'),
(7, 22, 23, 2, 2, '2021-12-19 04:34:42', '2021-12-19 04:34:42'),
(8, 22, 23, 3, 3, '2021-12-19 04:34:42', '2021-12-19 04:34:42'),
(9, 22, 23, 4, 1, '2021-12-19 04:34:42', '2021-12-19 04:34:42'),
(10, 22, 23, 5, 2, '2021-12-19 04:34:42', '2021-12-19 04:34:42'),
(11, 22, 23, 6, 3, '2021-12-19 04:34:42', '2021-12-19 04:34:42'),
(12, 22, 23, 7, 1, '2021-12-19 04:34:42', '2021-12-19 04:34:42'),
(13, 22, 23, 8, 2, '2021-12-19 04:34:42', '2021-12-19 04:34:42'),
(14, 22, 23, 9, 3, '2021-12-19 04:34:42', '2021-12-19 04:34:42'),
(15, 22, 23, 10, 2, '2021-12-19 04:34:42', '2021-12-19 04:34:42'),
(16, 22, 23, 11, 3, '2021-12-19 04:34:42', '2021-12-19 04:34:42'),
(17, 22, 23, 12, 1, '2021-12-19 04:34:42', '2021-12-19 04:34:42'),
(18, 22, 23, 13, 3, '2021-12-19 04:34:42', '2021-12-19 04:34:42'),
(19, 22, 23, 14, 3, '2021-12-19 04:34:42', '2021-12-19 04:34:42'),
(20, 22, 23, 15, 1, '2021-12-19 04:34:42', '2021-12-19 04:34:42'),
(21, 22, 23, 16, 3, '2021-12-19 04:34:42', '2021-12-19 04:34:42'),
(22, 22, 23, 17, 2, '2021-12-19 04:34:42', '2021-12-19 04:34:42'),
(23, 22, 23, 18, 1, '2021-12-19 04:34:42', '2021-12-19 04:34:42'),
(24, 22, 23, 19, 2, '2021-12-19 04:34:42', '2021-12-19 04:34:42'),
(25, 22, 23, 20, 3, '2021-12-19 04:34:42', '2021-12-19 04:34:42'),
(26, 23, 123, 1, 1, '2021-12-19 04:35:33', '2021-12-19 04:35:33'),
(27, 23, 123, 2, 2, '2021-12-19 04:35:33', '2021-12-19 04:35:33'),
(28, 23, 123, 3, 2, '2021-12-19 04:35:33', '2021-12-19 04:35:33'),
(29, 23, 123, 4, 3, '2021-12-19 04:35:33', '2021-12-19 04:35:33'),
(30, 23, 123, 5, 3, '2021-12-19 04:35:33', '2021-12-19 04:35:33'),
(31, 23, 123, 6, 3, '2021-12-19 04:35:33', '2021-12-19 04:35:33'),
(32, 24, 169, 1, 4, '2021-12-19 04:37:25', '2021-12-19 04:37:25'),
(33, 24, 169, 2, 5, '2021-12-19 04:37:25', '2021-12-19 04:37:25'),
(34, 24, 169, 3, 6, '2021-12-19 04:37:25', '2021-12-19 04:37:25'),
(35, 24, 169, 4, 7, '2021-12-19 04:37:25', '2021-12-19 04:37:25'),
(36, 24, 169, 5, 8, '2021-12-19 04:37:25', '2021-12-19 04:37:25'),
(37, 24, 169, 6, 5, '2021-12-19 04:37:25', '2021-12-19 04:37:25'),
(38, 24, 169, 7, 6, '2021-12-19 04:37:25', '2021-12-19 04:37:25'),
(39, 24, 169, 8, 4, '2021-12-19 04:37:25', '2021-12-19 04:37:25'),
(40, 24, 169, 9, 6, '2021-12-19 04:37:25', '2021-12-19 04:37:25'),
(41, 24, 169, 10, 7, '2021-12-19 04:37:25', '2021-12-19 04:37:25'),
(42, 24, 169, 11, 8, '2021-12-19 04:37:25', '2021-12-19 04:37:25'),
(43, 24, 169, 12, 9, '2021-12-19 04:37:25', '2021-12-19 04:37:25'),
(44, 24, 169, 13, 4, '2021-12-19 04:37:25', '2021-12-19 04:37:25'),
(45, 24, 169, 14, 5, '2021-12-19 04:37:25', '2021-12-19 04:37:25'),
(46, 24, 169, 15, 6, '2021-12-19 04:37:25', '2021-12-19 04:37:25'),
(47, 24, 169, 16, 7, '2021-12-19 04:37:25', '2021-12-19 04:37:25'),
(48, 24, 169, 17, 5, '2021-12-19 04:37:25', '2021-12-19 04:37:25'),
(49, 24, 169, 18, 7, '2021-12-19 04:37:25', '2021-12-19 04:37:25'),
(50, 24, 169, 19, 8, '2021-12-19 04:37:25', '2021-12-19 04:37:25'),
(51, 24, 169, 20, 6, '2021-12-19 04:37:25', '2021-12-19 04:37:25'),
(52, 24, 169, 21, 9, '2021-12-19 04:37:25', '2021-12-19 04:37:25'),
(53, 24, 169, 22, 5, '2021-12-19 04:37:25', '2021-12-19 04:37:25'),
(54, 24, 169, 23, 10, '2021-12-19 04:37:25', '2021-12-19 04:37:25'),
(55, 25, 378, 1, 11, '2021-12-19 04:38:32', '2021-12-19 04:38:32'),
(56, 25, 378, 2, 12, '2021-12-19 04:38:32', '2021-12-19 04:38:32'),
(57, 25, 378, 3, 13, '2021-12-19 04:38:32', '2021-12-19 04:38:32'),
(58, 26, 145, 1, 1, '2021-12-19 04:40:46', '2021-12-19 04:40:46'),
(59, 26, 145, 2, 2, '2021-12-19 04:40:46', '2021-12-19 04:40:46'),
(60, 26, 145, 3, 3, '2021-12-19 04:40:46', '2021-12-19 04:40:46'),
(61, 26, 145, 4, 1, '2021-12-19 04:40:46', '2021-12-19 04:40:46'),
(62, 26, 145, 5, 2, '2021-12-19 04:40:46', '2021-12-19 04:40:46'),
(63, 26, 145, 6, 3, '2021-12-19 04:40:46', '2021-12-19 04:40:46'),
(64, 26, 145, 7, 1, '2021-12-19 04:40:46', '2021-12-19 04:40:46'),
(65, 26, 145, 8, 2, '2021-12-19 04:40:46', '2021-12-19 04:40:46'),
(66, 26, 145, 9, 2, '2021-12-19 04:40:46', '2021-12-19 04:40:46'),
(67, 26, 145, 10, 2, '2021-12-19 04:40:46', '2021-12-19 04:40:46'),
(68, 26, 145, 11, 2, '2021-12-19 04:40:46', '2021-12-19 04:40:46'),
(69, 26, 145, 12, 2, '2021-12-19 04:40:46', '2021-12-19 04:40:46'),
(70, 26, 145, 13, 3, '2021-12-19 04:40:46', '2021-12-19 04:40:46'),
(71, 26, 145, 14, 1, '2021-12-19 04:40:46', '2021-12-19 04:40:46'),
(72, 26, 145, 15, 2, '2021-12-19 04:40:46', '2021-12-19 04:40:46'),
(73, 26, 145, 16, 3, '2021-12-19 04:40:46', '2021-12-19 04:40:46'),
(74, 26, 145, 17, 1, '2021-12-19 04:40:46', '2021-12-19 04:40:46'),
(75, 26, 145, 18, 2, '2021-12-19 04:40:46', '2021-12-19 04:40:46'),
(76, 26, 145, 19, 1, '2021-12-19 04:40:46', '2021-12-19 04:40:46'),
(77, 26, 145, 20, 2, '2021-12-19 04:40:46', '2021-12-19 04:40:46'),
(78, 26, 145, 21, 3, '2021-12-19 04:40:46', '2021-12-19 04:40:46'),
(79, 26, 145, 22, 1, '2021-12-19 04:40:46', '2021-12-19 04:40:46'),
(80, 26, 145, 23, 2, '2021-12-19 04:40:46', '2021-12-19 04:40:46'),
(81, 26, 145, 24, 3, '2021-12-19 04:40:46', '2021-12-19 04:40:46'),
(82, 26, 145, 25, 1, '2021-12-19 04:40:46', '2021-12-19 04:40:46'),
(83, 26, 145, 26, 2, '2021-12-19 04:40:46', '2021-12-19 04:40:46'),
(84, 26, 145, 27, 2, '2021-12-19 04:40:46', '2021-12-19 04:40:46'),
(85, 26, 145, 28, 1, '2021-12-19 04:40:46', '2021-12-19 04:40:46'),
(86, 26, 145, 29, 2, '2021-12-19 04:40:46', '2021-12-19 04:40:46'),
(87, 26, 145, 30, 1, '2021-12-19 04:40:46', '2021-12-19 04:40:46'),
(88, 26, 145, 31, 1, '2021-12-19 04:40:46', '2021-12-19 04:40:46'),
(89, 26, 145, 32, 3, '2021-12-19 04:40:46', '2021-12-19 04:40:46'),
(90, 26, 145, 33, 3, '2021-12-19 04:40:46', '2021-12-19 04:40:46'),
(91, 26, 145, 34, 3, '2021-12-19 04:40:46', '2021-12-19 04:40:46'),
(92, 26, 145, 35, 1, '2021-12-19 04:40:46', '2021-12-19 04:40:46'),
(93, 26, 145, 36, 1, '2021-12-19 04:40:46', '2021-12-19 04:40:46'),
(94, 26, 145, 37, 2, '2021-12-19 04:40:46', '2021-12-19 04:40:46'),
(95, 26, 145, 38, 3, '2021-12-19 04:40:46', '2021-12-19 04:40:46'),
(96, 26, 145, 39, 1, '2021-12-19 04:40:46', '2021-12-19 04:40:46'),
(97, 26, 145, 40, 1, '2021-12-19 04:40:46', '2021-12-19 04:40:46'),
(98, 26, 145, 41, 1, '2021-12-19 04:40:46', '2021-12-19 04:40:46'),
(99, 26, 145, 42, 2, '2021-12-19 04:40:46', '2021-12-19 04:40:46'),
(100, 26, 145, 43, 3, '2021-12-19 04:40:46', '2021-12-19 04:40:46'),
(101, 26, 145, 44, 2, '2021-12-19 04:40:46', '2021-12-19 04:40:46'),
(102, 26, 145, 45, 1, '2021-12-19 04:40:46', '2021-12-19 04:40:46'),
(103, 26, 145, 46, 3, '2021-12-19 04:40:46', '2021-12-19 04:40:46'),
(104, 26, 145, 47, 1, '2021-12-19 04:40:46', '2021-12-19 04:40:46'),
(105, 26, 145, 48, 2, '2021-12-19 04:40:46', '2021-12-19 04:40:46'),
(106, 26, 145, 49, 1, '2021-12-19 04:40:46', '2021-12-19 04:40:46'),
(107, 26, 145, 50, 1, '2021-12-19 04:40:46', '2021-12-19 04:40:46'),
(108, 26, 145, 51, 1, '2021-12-19 04:40:46', '2021-12-19 04:40:46'),
(109, 26, 145, 52, 2, '2021-12-19 04:40:46', '2021-12-19 04:40:46'),
(110, 26, 145, 53, 3, '2021-12-19 04:40:46', '2021-12-19 04:40:46'),
(111, 26, 145, 54, 2, '2021-12-19 04:40:46', '2021-12-19 04:40:46'),
(112, 26, 145, 55, 1, '2021-12-19 04:40:46', '2021-12-19 04:40:46'),
(113, 26, 145, 56, 3, '2021-12-19 04:40:46', '2021-12-19 04:40:46'),
(114, 26, 145, 57, 3, '2021-12-19 04:40:46', '2021-12-19 04:40:46'),
(115, 26, 145, 58, 2, '2021-12-19 04:40:46', '2021-12-19 04:40:46'),
(116, 26, 145, 59, 1, '2021-12-19 04:40:46', '2021-12-19 04:40:46'),
(117, 26, 145, 60, 2, '2021-12-19 04:40:46', '2021-12-19 04:40:46'),
(118, 26, 145, 61, 3, '2021-12-19 04:40:46', '2021-12-19 04:40:46'),
(119, 26, 145, 62, 2, '2021-12-19 04:40:46', '2021-12-19 04:40:46'),
(120, 26, 145, 63, 2, '2021-12-19 04:40:46', '2021-12-19 04:40:46'),
(121, 26, 145, 64, 2, '2021-12-19 04:40:46', '2021-12-19 04:40:46'),
(122, 26, 145, 65, 2, '2021-12-19 04:40:46', '2021-12-19 04:40:46'),
(123, 26, 145, 66, 2, '2021-12-19 04:40:46', '2021-12-19 04:40:46'),
(124, 26, 145, 67, 1, '2021-12-19 04:40:46', '2021-12-19 04:40:46'),
(125, 26, 145, 68, 1, '2021-12-19 04:40:46', '2021-12-19 04:40:46'),
(126, 26, 145, 69, 3, '2021-12-19 04:40:46', '2021-12-19 04:40:46'),
(127, 26, 145, 70, 3, '2021-12-19 04:40:46', '2021-12-19 04:40:46'),
(128, 27, 433, 1, 11, '2021-12-19 04:43:25', '2021-12-19 04:43:25'),
(129, 27, 433, 2, 12, '2021-12-19 04:43:25', '2021-12-19 04:43:25'),
(130, 27, 433, 3, 12, '2021-12-19 04:43:25', '2021-12-19 04:43:25'),
(131, 27, 433, 4, 12, '2021-12-19 04:43:25', '2021-12-19 04:43:25'),
(132, 27, 433, 5, 12, '2021-12-19 04:43:25', '2021-12-19 04:43:25'),
(133, 27, 433, 6, 13, '2021-12-19 04:43:25', '2021-12-19 04:43:25'),
(134, 27, 433, 7, 11, '2021-12-19 04:43:25', '2021-12-19 04:43:25'),
(135, 27, 433, 8, 11, '2021-12-19 04:43:25', '2021-12-19 04:43:25'),
(136, 27, 433, 9, 12, '2021-12-19 04:43:25', '2021-12-19 04:43:25'),
(137, 27, 433, 10, 13, '2021-12-19 04:43:25', '2021-12-19 04:43:25'),
(138, 27, 433, 11, 12, '2021-12-19 04:43:25', '2021-12-19 04:43:25'),
(139, 27, 433, 12, 11, '2021-12-19 04:43:25', '2021-12-19 04:43:25'),
(140, 27, 433, 13, 11, '2021-12-19 04:43:25', '2021-12-19 04:43:25'),
(141, 27, 433, 14, 11, '2021-12-19 04:43:25', '2021-12-19 04:43:25'),
(142, 27, 433, 15, 13, '2021-12-19 04:43:25', '2021-12-19 04:43:25'),
(143, 27, 433, 16, 13, '2021-12-19 04:43:25', '2021-12-19 04:43:25'),
(144, 27, 433, 17, 13, '2021-12-19 04:43:25', '2021-12-19 04:43:25'),
(145, 27, 433, 18, 12, '2021-12-19 04:43:25', '2021-12-19 04:43:25'),
(146, 27, 433, 19, 12, '2021-12-19 04:43:25', '2021-12-19 04:43:25'),
(147, 27, 433, 20, 12, '2021-12-19 04:43:25', '2021-12-19 04:43:25'),
(148, 27, 433, 21, 12, '2021-12-19 04:43:25', '2021-12-19 04:43:25'),
(149, 27, 433, 22, 13, '2021-12-19 04:43:25', '2021-12-19 04:43:25'),
(150, 27, 433, 23, 13, '2021-12-19 04:43:25', '2021-12-19 04:43:25'),
(151, 27, 433, 24, 13, '2021-12-19 04:43:25', '2021-12-19 04:43:25'),
(152, 27, 433, 25, 13, '2021-12-19 04:43:25', '2021-12-19 04:43:25'),
(153, 27, 433, 26, 13, '2021-12-19 04:43:25', '2021-12-19 04:43:25'),
(154, 27, 433, 27, 13, '2021-12-19 04:43:25', '2021-12-19 04:43:25'),
(155, 27, 433, 28, 12, '2021-12-19 04:43:25', '2021-12-19 04:43:25'),
(156, 27, 433, 29, 12, '2021-12-19 04:43:25', '2021-12-19 04:43:25'),
(157, 27, 433, 30, 13, '2021-12-19 04:43:25', '2021-12-19 04:43:25'),
(158, 27, 433, 31, 13, '2021-12-19 04:43:25', '2021-12-19 04:43:25'),
(159, 27, 433, 32, 12, '2021-12-19 04:43:25', '2021-12-19 04:43:25'),
(160, 27, 433, 33, 11, '2021-12-19 04:43:25', '2021-12-19 04:43:25'),
(161, 27, 433, 34, 11, '2021-12-19 04:43:25', '2021-12-19 04:43:25'),
(162, 27, 433, 35, 11, '2021-12-19 04:43:25', '2021-12-19 04:43:25'),
(163, 27, 433, 36, 12, '2021-12-19 04:43:25', '2021-12-19 04:43:25'),
(164, 27, 433, 37, 13, '2021-12-19 04:43:25', '2021-12-19 04:43:25'),
(165, 27, 433, 38, 12, '2021-12-19 04:43:25', '2021-12-19 04:43:25'),
(166, 27, 433, 39, 12, '2021-12-19 04:43:25', '2021-12-19 04:43:25'),
(167, 27, 433, 40, 13, '2021-12-19 04:43:25', '2021-12-19 04:43:25'),
(168, 27, 433, 41, 12, '2021-12-19 04:43:25', '2021-12-19 04:43:25'),
(169, 27, 433, 42, 13, '2021-12-19 04:43:25', '2021-12-19 04:43:25'),
(170, 27, 433, 43, 11, '2021-12-19 04:43:25', '2021-12-19 04:43:25'),
(171, 27, 433, 44, 12, '2021-12-19 04:43:25', '2021-12-19 04:43:25'),
(172, 27, 433, 45, 13, '2021-12-19 04:43:25', '2021-12-19 04:43:25'),
(173, 27, 433, 46, 11, '2021-12-19 04:43:25', '2021-12-19 04:43:25'),
(174, 27, 433, 47, 11, '2021-12-19 04:43:25', '2021-12-19 04:43:25'),
(175, 27, 433, 48, 11, '2021-12-19 04:43:25', '2021-12-19 04:43:25'),
(176, 27, 433, 49, 12, '2021-12-19 04:43:25', '2021-12-19 04:43:25'),
(177, 27, 433, 50, 12, '2021-12-19 04:43:25', '2021-12-19 04:43:25'),
(178, 27, 433, 51, 12, '2021-12-19 04:43:25', '2021-12-19 04:43:25'),
(179, 27, 433, 52, 13, '2021-12-19 04:43:25', '2021-12-19 04:43:25'),
(180, 27, 433, 53, 13, '2021-12-19 04:43:25', '2021-12-19 04:43:25'),
(181, 27, 433, 54, 13, '2021-12-19 04:43:25', '2021-12-19 04:43:25'),
(182, 27, 433, 55, 12, '2021-12-19 04:43:25', '2021-12-19 04:43:25'),
(183, 27, 433, 56, 11, '2021-12-19 04:43:25', '2021-12-19 04:43:25'),
(184, 27, 433, 57, 11, '2021-12-19 04:43:25', '2021-12-19 04:43:25'),
(185, 27, 433, 58, 12, '2021-12-19 04:43:25', '2021-12-19 04:43:25'),
(186, 27, 433, 59, 12, '2021-12-19 04:43:25', '2021-12-19 04:43:25'),
(187, 27, 433, 60, 12, '2021-12-19 04:43:25', '2021-12-19 04:43:25'),
(188, 27, 433, 61, 12, '2021-12-19 04:43:25', '2021-12-19 04:43:25'),
(189, 27, 433, 62, 11, '2021-12-19 04:43:25', '2021-12-19 04:43:25'),
(190, 27, 433, 63, 11, '2021-12-19 04:43:25', '2021-12-19 04:43:25'),
(191, 27, 433, 64, 11, '2021-12-19 04:43:25', '2021-12-19 04:43:25'),
(192, 27, 433, 65, 12, '2021-12-19 04:43:25', '2021-12-19 04:43:25'),
(193, 27, 433, 66, 13, '2021-12-19 04:43:25', '2021-12-19 04:43:25'),
(194, 27, 433, 67, 11, '2021-12-19 04:43:25', '2021-12-19 04:43:25'),
(195, 27, 433, 68, 12, '2021-12-19 04:43:25', '2021-12-19 04:43:25'),
(196, 27, 433, 69, 13, '2021-12-19 04:43:25', '2021-12-19 04:43:25'),
(197, 27, 433, 70, 12, '2021-12-19 04:43:25', '2021-12-19 04:43:25'),
(198, 27, 433, 71, 11, '2021-12-19 04:43:25', '2021-12-19 04:43:25'),
(199, 27, 433, 72, 11, '2021-12-19 04:43:25', '2021-12-19 04:43:25'),
(200, 27, 433, 73, 11, '2021-12-19 04:43:25', '2021-12-19 04:43:25'),
(201, 27, 433, 74, 12, '2021-12-19 04:43:25', '2021-12-19 04:43:25'),
(202, 27, 433, 75, 13, '2021-12-19 04:43:25', '2021-12-19 04:43:25'),
(203, 27, 433, 76, 12, '2021-12-19 04:43:25', '2021-12-19 04:43:25'),
(204, 27, 433, 77, 12, '2021-12-19 04:43:25', '2021-12-19 04:43:25'),
(205, 27, 433, 78, 13, '2021-12-19 04:43:25', '2021-12-19 04:43:25'),
(206, 27, 433, 79, 13, '2021-12-19 04:43:25', '2021-12-19 04:43:25'),
(207, 27, 433, 80, 13, '2021-12-19 04:43:25', '2021-12-19 04:43:25'),
(318, 29, 309, 1, 4, '2021-12-19 04:50:24', '2021-12-19 04:50:24'),
(319, 29, 309, 2, 5, '2021-12-19 04:50:24', '2021-12-19 04:50:24'),
(320, 29, 309, 3, 6, '2021-12-19 04:50:24', '2021-12-19 04:50:24'),
(321, 29, 309, 4, 7, '2021-12-19 04:50:24', '2021-12-19 04:50:24'),
(322, 29, 309, 5, 8, '2021-12-19 04:50:24', '2021-12-19 04:50:24'),
(323, 29, 309, 6, 5, '2021-12-19 04:50:24', '2021-12-19 04:50:24'),
(324, 29, 309, 7, 4, '2021-12-19 04:50:24', '2021-12-19 04:50:24'),
(325, 29, 309, 8, 6, '2021-12-19 04:50:24', '2021-12-19 04:50:24'),
(326, 29, 309, 9, 5, '2021-12-19 04:50:24', '2021-12-19 04:50:24'),
(327, 29, 309, 10, 4, '2021-12-19 04:50:24', '2021-12-19 04:50:24'),
(328, 29, 309, 11, 6, '2021-12-19 04:50:24', '2021-12-19 04:50:24'),
(329, 29, 309, 12, 7, '2021-12-19 04:50:24', '2021-12-19 04:50:24'),
(330, 29, 309, 13, 8, '2021-12-19 04:50:24', '2021-12-19 04:50:24'),
(331, 29, 309, 14, 8, '2021-12-19 04:50:24', '2021-12-19 04:50:24'),
(332, 29, 309, 15, 10, '2021-12-19 04:50:24', '2021-12-19 04:50:24'),
(333, 29, 309, 16, 6, '2021-12-19 04:50:24', '2021-12-19 04:50:24'),
(334, 29, 309, 17, 4, '2021-12-19 04:50:24', '2021-12-19 04:50:24'),
(335, 29, 309, 18, 4, '2021-12-19 04:50:24', '2021-12-19 04:50:24'),
(336, 29, 309, 19, 5, '2021-12-19 04:50:24', '2021-12-19 04:50:24'),
(337, 29, 309, 20, 6, '2021-12-19 04:50:24', '2021-12-19 04:50:24'),
(338, 29, 309, 21, 10, '2021-12-19 04:50:24', '2021-12-19 04:50:24'),
(339, 29, 309, 22, 9, '2021-12-19 04:50:24', '2021-12-19 04:50:24'),
(340, 29, 309, 23, 9, '2021-12-19 04:50:24', '2021-12-19 04:50:24'),
(341, 29, 309, 24, 8, '2021-12-19 04:50:24', '2021-12-19 04:50:24'),
(342, 29, 309, 25, 7, '2021-12-19 04:50:24', '2021-12-19 04:50:24'),
(343, 29, 309, 26, 6, '2021-12-19 04:50:24', '2021-12-19 04:50:24'),
(344, 29, 309, 27, 5, '2021-12-19 04:50:24', '2021-12-19 04:50:24'),
(345, 29, 309, 28, 5, '2021-12-19 04:50:24', '2021-12-19 04:50:24'),
(346, 29, 309, 29, 6, '2021-12-19 04:50:24', '2021-12-19 04:50:24'),
(347, 29, 309, 30, 7, '2021-12-19 04:50:24', '2021-12-19 04:50:24'),
(348, 29, 309, 31, 7, '2021-12-19 04:50:24', '2021-12-19 04:50:24'),
(349, 29, 309, 32, 7, '2021-12-19 04:50:24', '2021-12-19 04:50:24'),
(350, 29, 309, 33, 7, '2021-12-19 04:50:24', '2021-12-19 04:50:24'),
(351, 29, 309, 34, 8, '2021-12-19 04:50:24', '2021-12-19 04:50:24'),
(352, 29, 309, 35, 9, '2021-12-19 04:50:24', '2021-12-19 04:50:24'),
(353, 29, 309, 36, 8, '2021-12-19 04:50:24', '2021-12-19 04:50:24'),
(354, 29, 309, 37, 10, '2021-12-19 04:50:24', '2021-12-19 04:50:24'),
(355, 29, 309, 38, 6, '2021-12-19 04:50:24', '2021-12-19 04:50:24'),
(356, 29, 309, 39, 5, '2021-12-19 04:50:24', '2021-12-19 04:50:24'),
(357, 29, 309, 40, 10, '2021-12-19 04:50:24', '2021-12-19 04:50:24'),
(358, 29, 309, 41, 4, '2021-12-19 04:50:24', '2021-12-19 04:50:24'),
(359, 29, 309, 42, 4, '2021-12-19 04:50:24', '2021-12-19 04:50:24'),
(360, 29, 309, 43, 5, '2021-12-19 04:50:24', '2021-12-19 04:50:24'),
(361, 29, 309, 44, 5, '2021-12-19 04:50:24', '2021-12-19 04:50:24'),
(362, 29, 309, 45, 6, '2021-12-19 04:50:24', '2021-12-19 04:50:24'),
(363, 29, 309, 46, 6, '2021-12-19 04:50:24', '2021-12-19 04:50:24'),
(364, 29, 309, 47, 7, '2021-12-19 04:50:24', '2021-12-19 04:50:24'),
(365, 29, 309, 48, 7, '2021-12-19 04:50:24', '2021-12-19 04:50:24'),
(366, 29, 309, 49, 7, '2021-12-19 04:50:24', '2021-12-19 04:50:24'),
(367, 29, 309, 50, 8, '2021-12-19 04:50:24', '2021-12-19 04:50:24'),
(368, 29, 309, 51, 9, '2021-12-19 04:50:24', '2021-12-19 04:50:24'),
(369, 29, 309, 52, 8, '2021-12-19 04:50:24', '2021-12-19 04:50:24'),
(370, 29, 309, 53, 8, '2021-12-19 04:50:24', '2021-12-19 04:50:24'),
(371, 29, 309, 54, 6, '2021-12-19 04:50:24', '2021-12-19 04:50:24'),
(372, 29, 309, 55, 6, '2021-12-19 04:50:24', '2021-12-19 04:50:24'),
(373, 29, 309, 56, 5, '2021-12-19 04:50:24', '2021-12-19 04:50:24'),
(374, 29, 309, 57, 5, '2021-12-19 04:50:24', '2021-12-19 04:50:24'),
(375, 29, 309, 58, 6, '2021-12-19 04:50:24', '2021-12-19 04:50:24'),
(376, 29, 309, 59, 6, '2021-12-19 04:50:24', '2021-12-19 04:50:24'),
(377, 29, 309, 60, 7, '2021-12-19 04:50:24', '2021-12-19 04:50:24'),
(378, 29, 309, 61, 7, '2021-12-19 04:50:24', '2021-12-19 04:50:24'),
(379, 29, 309, 62, 7, '2021-12-19 04:50:24', '2021-12-19 04:50:24'),
(380, 29, 309, 63, 7, '2021-12-19 04:50:24', '2021-12-19 04:50:24'),
(381, 29, 309, 64, 6, '2021-12-19 04:50:24', '2021-12-19 04:50:24'),
(382, 29, 309, 65, 6, '2021-12-19 04:50:24', '2021-12-19 04:50:24'),
(383, 29, 309, 66, 6, '2021-12-19 04:50:24', '2021-12-19 04:50:24'),
(384, 29, 309, 67, 6, '2021-12-19 04:50:24', '2021-12-19 04:50:24'),
(385, 29, 309, 68, 5, '2021-12-19 04:50:24', '2021-12-19 04:50:24'),
(386, 29, 309, 69, 5, '2021-12-19 04:50:24', '2021-12-19 04:50:24'),
(387, 29, 309, 70, 5, '2021-12-19 04:50:24', '2021-12-19 04:50:24'),
(388, 29, 309, 71, 4, '2021-12-19 04:50:24', '2021-12-19 04:50:24'),
(389, 29, 309, 72, 4, '2021-12-19 04:50:24', '2021-12-19 04:50:24'),
(390, 29, 309, 73, 5, '2021-12-19 04:50:24', '2021-12-19 04:50:24'),
(391, 29, 309, 74, 5, '2021-12-19 04:50:24', '2021-12-19 04:50:24'),
(392, 29, 309, 75, 5, '2021-12-19 04:50:24', '2021-12-19 04:50:24'),
(393, 29, 309, 76, 6, '2021-12-19 04:50:24', '2021-12-19 04:50:24'),
(394, 29, 309, 77, 6, '2021-12-19 04:50:24', '2021-12-19 04:50:24'),
(395, 29, 309, 78, 7, '2021-12-19 04:50:24', '2021-12-19 04:50:24'),
(396, 29, 309, 79, 8, '2021-12-19 04:50:24', '2021-12-19 04:50:24'),
(397, 29, 309, 80, 8, '2021-12-19 04:50:24', '2021-12-19 04:50:24'),
(398, 29, 309, 81, 9, '2021-12-19 04:50:24', '2021-12-19 04:50:24'),
(399, 29, 309, 82, 9, '2021-12-19 04:50:24', '2021-12-19 04:50:24'),
(400, 29, 309, 83, 9, '2021-12-19 04:50:24', '2021-12-19 04:50:24'),
(401, 29, 309, 84, 9, '2021-12-19 04:50:24', '2021-12-19 04:50:24'),
(402, 29, 309, 85, 9, '2021-12-19 04:50:24', '2021-12-19 04:50:24'),
(403, 29, 309, 86, 9, '2021-12-19 04:50:24', '2021-12-19 04:50:24'),
(404, 29, 309, 87, 8, '2021-12-19 04:50:24', '2021-12-19 04:50:24'),
(405, 29, 309, 88, 8, '2021-12-19 04:50:24', '2021-12-19 04:50:24'),
(406, 29, 309, 89, 8, '2021-12-19 04:50:24', '2021-12-19 04:50:24'),
(407, 29, 309, 90, 8, '2021-12-19 04:50:24', '2021-12-19 04:50:24'),
(408, 29, 309, 91, 8, '2021-12-19 04:50:24', '2021-12-19 04:50:24'),
(409, 29, 309, 92, 8, '2021-12-19 04:50:24', '2021-12-19 04:50:24'),
(410, 29, 309, 93, 8, '2021-12-19 04:50:24', '2021-12-19 04:50:24'),
(411, 29, 309, 94, 7, '2021-12-19 04:50:24', '2021-12-19 04:50:24'),
(412, 29, 309, 95, 6, '2021-12-19 04:50:24', '2021-12-19 04:50:24'),
(413, 29, 309, 96, 6, '2021-12-19 04:50:24', '2021-12-19 04:50:24'),
(414, 29, 309, 97, 5, '2021-12-19 04:50:24', '2021-12-19 04:50:24'),
(415, 29, 309, 98, 4, '2021-12-19 04:50:24', '2021-12-19 04:50:24'),
(416, 29, 309, 99, 4, '2021-12-19 04:50:24', '2021-12-19 04:50:24'),
(417, 29, 309, 100, 4, '2021-12-19 04:50:24', '2021-12-19 04:50:24'),
(418, 29, 309, 101, 5, '2021-12-19 04:50:24', '2021-12-19 04:50:24'),
(419, 29, 309, 102, 5, '2021-12-19 04:50:24', '2021-12-19 04:50:24'),
(420, 29, 309, 103, 6, '2021-12-19 04:50:24', '2021-12-19 04:50:24'),
(421, 29, 309, 104, 6, '2021-12-19 04:50:24', '2021-12-19 04:50:24'),
(422, 29, 309, 105, 7, '2021-12-19 04:50:24', '2021-12-19 04:50:24'),
(423, 29, 309, 106, 7, '2021-12-19 04:50:24', '2021-12-19 04:50:24'),
(424, 29, 309, 107, 8, '2021-12-19 04:50:24', '2021-12-19 04:50:24'),
(425, 29, 309, 108, 8, '2021-12-19 04:50:24', '2021-12-19 04:50:24'),
(426, 29, 309, 109, 9, '2021-12-19 04:50:24', '2021-12-19 04:50:24'),
(427, 29, 309, 110, 9, '2021-12-19 04:50:24', '2021-12-19 04:50:24'),
(428, 30, 123, 1, 1, '2021-12-19 05:17:14', '2021-12-19 05:17:14'),
(429, 30, 123, 2, 2, '2021-12-19 05:17:14', '2021-12-19 05:17:14'),
(430, 30, 123, 3, 3, '2021-12-19 05:17:14', '2021-12-19 05:17:14'),
(431, 31, 250, 1, 4, '2021-12-19 05:18:43', '2021-12-19 05:18:43'),
(432, 31, 250, 2, 5, '2021-12-19 05:18:43', '2021-12-19 05:18:43'),
(433, 31, 250, 3, 5, '2021-12-19 05:18:43', '2021-12-19 05:18:43'),
(434, 31, 250, 4, 6, '2021-12-19 05:18:43', '2021-12-19 05:18:43'),
(435, 31, 250, 5, 6, '2021-12-19 05:18:43', '2021-12-19 05:18:43'),
(436, 31, 250, 6, 6, '2021-12-19 05:18:43', '2021-12-19 05:18:43'),
(437, 31, 250, 7, 7, '2021-12-19 05:18:43', '2021-12-19 05:18:43'),
(438, 31, 250, 8, 7, '2021-12-19 05:18:43', '2021-12-19 05:18:43'),
(439, 31, 250, 9, 7, '2021-12-19 05:18:43', '2021-12-19 05:18:43'),
(440, 31, 250, 10, 7, '2021-12-19 05:18:43', '2021-12-19 05:18:43'),
(441, 31, 250, 11, 8, '2021-12-19 05:18:43', '2021-12-19 05:18:43'),
(442, 31, 250, 12, 8, '2021-12-19 05:18:43', '2021-12-19 05:18:43'),
(443, 31, 250, 13, 8, '2021-12-19 05:18:43', '2021-12-19 05:18:43'),
(444, 31, 250, 14, 8, '2021-12-19 05:18:43', '2021-12-19 05:18:43'),
(445, 31, 250, 15, 8, '2021-12-19 05:18:43', '2021-12-19 05:18:43'),
(446, 31, 250, 16, 9, '2021-12-19 05:18:43', '2021-12-19 05:18:43'),
(447, 31, 250, 17, 9, '2021-12-19 05:18:43', '2021-12-19 05:18:43'),
(448, 31, 250, 18, 9, '2021-12-19 05:18:43', '2021-12-19 05:18:43'),
(449, 31, 250, 19, 9, '2021-12-19 05:18:43', '2021-12-19 05:18:43'),
(450, 31, 250, 20, 9, '2021-12-19 05:18:43', '2021-12-19 05:18:43'),
(451, 31, 250, 21, 9, '2021-12-19 05:18:43', '2021-12-19 05:18:43'),
(452, 31, 250, 22, 10, '2021-12-19 05:18:43', '2021-12-19 05:18:43'),
(453, 31, 250, 23, 10, '2021-12-19 05:18:43', '2021-12-19 05:18:43'),
(454, 31, 250, 24, 10, '2021-12-19 05:18:43', '2021-12-19 05:18:43'),
(455, 31, 250, 25, 10, '2021-12-19 05:18:43', '2021-12-19 05:18:43'),
(456, 31, 250, 26, 10, '2021-12-19 05:18:43', '2021-12-19 05:18:43'),
(457, 31, 250, 27, 10, '2021-12-19 05:18:43', '2021-12-19 05:18:43'),
(458, 31, 250, 28, 10, '2021-12-19 05:18:43', '2021-12-19 05:18:43'),
(459, 32, 335, 1, 13, '2021-12-19 05:19:54', '2021-12-19 05:19:54'),
(460, 32, 335, 2, 13, '2021-12-19 05:19:54', '2021-12-19 05:19:54'),
(461, 32, 335, 3, 13, '2021-12-19 05:19:54', '2021-12-19 05:19:54'),
(462, 32, 335, 4, 12, '2021-12-19 05:19:54', '2021-12-19 05:19:54'),
(463, 32, 335, 5, 12, '2021-12-19 05:19:54', '2021-12-19 05:19:54'),
(464, 32, 335, 6, 11, '2021-12-19 05:19:54', '2021-12-19 05:19:54'),
(465, 33, 335, 1, 11, '2021-12-19 05:20:25', '2021-12-19 05:20:25'),
(466, 33, 335, 2, 11, '2021-12-19 05:20:25', '2021-12-19 05:20:25'),
(467, 33, 335, 3, 11, '2021-12-19 05:20:25', '2021-12-19 05:20:25'),
(468, 33, 335, 4, 12, '2021-12-19 05:20:25', '2021-12-19 05:20:25'),
(469, 33, 335, 5, 12, '2021-12-19 05:20:25', '2021-12-19 05:20:25'),
(470, 33, 335, 6, 13, '2021-12-19 05:20:25', '2021-12-19 05:20:25'),
(471, 34, 156, 1, 4, '2021-12-20 01:23:46', '2021-12-20 01:23:46'),
(472, 34, 156, 2, 4, '2021-12-20 01:23:46', '2021-12-20 01:23:46'),
(473, 34, 156, 3, 4, '2021-12-20 01:23:46', '2021-12-20 01:23:46'),
(474, 34, 156, 4, 4, '2021-12-20 01:23:46', '2021-12-20 01:23:46'),
(475, 34, 156, 5, 4, '2021-12-20 01:23:46', '2021-12-20 01:23:46'),
(476, 34, 156, 6, 4, '2021-12-20 01:23:46', '2021-12-20 01:23:46'),
(477, 34, 156, 7, 4, '2021-12-20 01:23:46', '2021-12-20 01:23:46'),
(478, 34, 156, 8, 5, '2021-12-20 01:23:46', '2021-12-20 01:23:46'),
(479, 34, 156, 9, 6, '2021-12-20 01:23:46', '2021-12-20 01:23:46'),
(480, 34, 156, 10, 7, '2021-12-20 01:23:46', '2021-12-20 01:23:46'),
(481, 34, 156, 11, 8, '2021-12-20 01:23:46', '2021-12-20 01:23:46'),
(482, 34, 156, 12, 9, '2021-12-20 01:23:46', '2021-12-20 01:23:46'),
(483, 34, 156, 13, 10, '2021-12-20 01:23:46', '2021-12-20 01:23:46'),
(484, 34, 156, 14, 10, '2021-12-20 01:23:46', '2021-12-20 01:23:46'),
(485, 34, 156, 15, 10, '2021-12-20 01:23:46', '2021-12-20 01:23:46'),
(486, 34, 156, 16, 4, '2021-12-20 01:23:46', '2021-12-20 01:23:46'),
(487, 34, 156, 17, 5, '2021-12-20 01:23:46', '2021-12-20 01:23:46'),
(488, 34, 156, 18, 6, '2021-12-20 01:23:46', '2021-12-20 01:23:46'),
(489, 34, 156, 19, 7, '2021-12-20 01:23:46', '2021-12-20 01:23:46'),
(490, 34, 156, 20, 8, '2021-12-20 01:23:46', '2021-12-20 01:23:46'),
(491, 34, 156, 21, 9, '2021-12-20 01:23:46', '2021-12-20 01:23:46'),
(492, 34, 156, 22, 10, '2021-12-20 01:23:46', '2021-12-20 01:23:46'),
(493, 34, 156, 23, 10, '2021-12-20 01:23:46', '2021-12-20 01:23:46'),
(494, 34, 156, 24, 10, '2021-12-20 01:23:46', '2021-12-20 01:23:46'),
(495, 34, 156, 25, 4, '2021-12-20 01:23:46', '2021-12-20 01:23:46'),
(496, 34, 156, 26, 5, '2021-12-20 01:23:46', '2021-12-20 01:23:46'),
(497, 34, 156, 27, 6, '2021-12-20 01:23:46', '2021-12-20 01:23:46'),
(498, 34, 156, 28, 7, '2021-12-20 01:23:46', '2021-12-20 01:23:46'),
(499, 34, 156, 29, 8, '2021-12-20 01:23:46', '2021-12-20 01:23:46'),
(500, 34, 156, 30, 9, '2021-12-20 01:23:46', '2021-12-20 01:23:46'),
(501, 34, 156, 31, 10, '2021-12-20 01:23:46', '2021-12-20 01:23:46'),
(502, 34, 156, 32, 10, '2021-12-20 01:23:46', '2021-12-20 01:23:46'),
(503, 34, 156, 33, 10, '2021-12-20 01:23:46', '2021-12-20 01:23:46'),
(504, 34, 156, 34, 4, '2021-12-20 01:23:46', '2021-12-20 01:23:46'),
(505, 34, 156, 35, 4, '2021-12-20 01:23:46', '2021-12-20 01:23:46'),
(506, 34, 156, 36, 4, '2021-12-20 01:23:46', '2021-12-20 01:23:46'),
(507, 34, 156, 37, 4, '2021-12-20 01:23:46', '2021-12-20 01:23:46'),
(508, 34, 156, 38, 4, '2021-12-20 01:23:46', '2021-12-20 01:23:46'),
(509, 34, 156, 39, 4, '2021-12-20 01:23:46', '2021-12-20 01:23:46'),
(510, 34, 156, 40, 4, '2021-12-20 01:23:46', '2021-12-20 01:23:46'),
(511, 34, 156, 41, 4, '2021-12-20 01:23:46', '2021-12-20 01:23:46'),
(512, 34, 156, 42, 5, '2021-12-20 01:23:46', '2021-12-20 01:23:46'),
(513, 34, 156, 43, 6, '2021-12-20 01:23:46', '2021-12-20 01:23:46'),
(514, 34, 156, 44, 7, '2021-12-20 01:23:46', '2021-12-20 01:23:46'),
(515, 34, 156, 45, 8, '2021-12-20 01:23:46', '2021-12-20 01:23:46'),
(516, 34, 156, 46, 9, '2021-12-20 01:23:46', '2021-12-20 01:23:46'),
(517, 34, 156, 47, 10, '2021-12-20 01:23:46', '2021-12-20 01:23:46'),
(518, 34, 156, 48, 10, '2021-12-20 01:23:46', '2021-12-20 01:23:46'),
(519, 34, 156, 49, 10, '2021-12-20 01:23:46', '2021-12-20 01:23:46'),
(520, 34, 156, 50, 4, '2021-12-20 01:23:46', '2021-12-20 01:23:46'),
(521, 34, 156, 51, 5, '2021-12-20 01:23:46', '2021-12-20 01:23:46'),
(522, 34, 156, 52, 6, '2021-12-20 01:23:46', '2021-12-20 01:23:46'),
(523, 34, 156, 53, 7, '2021-12-20 01:23:46', '2021-12-20 01:23:46'),
(524, 34, 156, 54, 8, '2021-12-20 01:23:46', '2021-12-20 01:23:46'),
(525, 34, 156, 55, 9, '2021-12-20 01:23:46', '2021-12-20 01:23:46'),
(526, 34, 156, 56, 10, '2021-12-20 01:23:46', '2021-12-20 01:23:46'),
(527, 34, 156, 57, 10, '2021-12-20 01:23:46', '2021-12-20 01:23:46'),
(528, 34, 156, 58, 10, '2021-12-20 01:23:46', '2021-12-20 01:23:46'),
(529, 34, 156, 59, 4, '2021-12-20 01:23:46', '2021-12-20 01:23:46'),
(530, 34, 156, 60, 5, '2021-12-20 01:23:46', '2021-12-20 01:23:46'),
(531, 34, 156, 61, 6, '2021-12-20 01:23:46', '2021-12-20 01:23:46'),
(532, 34, 156, 62, 7, '2021-12-20 01:23:46', '2021-12-20 01:23:46'),
(533, 34, 156, 63, 8, '2021-12-20 01:23:46', '2021-12-20 01:23:46'),
(534, 34, 156, 64, 9, '2021-12-20 01:23:46', '2021-12-20 01:23:46'),
(535, 34, 156, 65, 10, '2021-12-20 01:23:46', '2021-12-20 01:23:46'),
(536, 34, 156, 66, 10, '2021-12-20 01:23:46', '2021-12-20 01:23:46'),
(537, 34, 156, 67, 10, '2021-12-20 01:23:46', '2021-12-20 01:23:46'),
(538, 34, 156, 68, 4, '2021-12-20 01:23:46', '2021-12-20 01:23:46'),
(539, 34, 156, 69, 5, '2021-12-20 01:23:46', '2021-12-20 01:23:46'),
(540, 34, 156, 70, 6, '2021-12-20 01:23:46', '2021-12-20 01:23:46'),
(541, 34, 156, 71, 7, '2021-12-20 01:23:46', '2021-12-20 01:23:46'),
(542, 34, 156, 72, 8, '2021-12-20 01:23:46', '2021-12-20 01:23:46'),
(543, 34, 156, 73, 9, '2021-12-20 01:23:46', '2021-12-20 01:23:46'),
(544, 34, 156, 74, 10, '2021-12-20 01:23:46', '2021-12-20 01:23:46'),
(545, 34, 156, 75, 10, '2021-12-20 01:23:46', '2021-12-20 01:23:46'),
(546, 34, 156, 76, 10, '2021-12-20 01:23:46', '2021-12-20 01:23:46'),
(547, 34, 156, 77, 4, '2021-12-20 01:23:46', '2021-12-20 01:23:46'),
(548, 34, 156, 78, 5, '2021-12-20 01:23:46', '2021-12-20 01:23:46'),
(549, 34, 156, 79, 6, '2021-12-20 01:23:46', '2021-12-20 01:23:46'),
(550, 34, 156, 80, 7, '2021-12-20 01:23:46', '2021-12-20 01:23:46'),
(551, 34, 156, 81, 8, '2021-12-20 01:23:46', '2021-12-20 01:23:46'),
(552, 34, 156, 82, 9, '2021-12-20 01:23:46', '2021-12-20 01:23:46'),
(553, 34, 156, 83, 10, '2021-12-20 01:23:46', '2021-12-20 01:23:46'),
(554, 34, 156, 84, 10, '2021-12-20 01:23:46', '2021-12-20 01:23:46'),
(555, 34, 156, 85, 10, '2021-12-20 01:23:46', '2021-12-20 01:23:46'),
(556, 34, 156, 86, 4, '2021-12-20 01:23:46', '2021-12-20 01:23:46'),
(557, 34, 156, 87, 5, '2021-12-20 01:23:46', '2021-12-20 01:23:46'),
(558, 34, 156, 88, 6, '2021-12-20 01:23:46', '2021-12-20 01:23:46'),
(559, 34, 156, 89, 7, '2021-12-20 01:23:46', '2021-12-20 01:23:46'),
(560, 34, 156, 90, 8, '2021-12-20 01:23:46', '2021-12-20 01:23:46'),
(561, 34, 156, 91, 9, '2021-12-20 01:23:46', '2021-12-20 01:23:46'),
(562, 34, 156, 92, 10, '2021-12-20 01:23:46', '2021-12-20 01:23:46'),
(563, 34, 156, 93, 10, '2021-12-20 01:23:46', '2021-12-20 01:23:46'),
(564, 34, 156, 94, 10, '2021-12-20 01:23:46', '2021-12-20 01:23:46'),
(565, 34, 156, 95, 4, '2021-12-20 01:23:46', '2021-12-20 01:23:46'),
(566, 34, 156, 96, 4, '2021-12-20 01:23:46', '2021-12-20 01:23:46'),
(567, 34, 156, 97, 4, '2021-12-20 01:23:46', '2021-12-20 01:23:46'),
(568, 34, 156, 98, 4, '2021-12-20 01:23:46', '2021-12-20 01:23:46'),
(569, 34, 156, 99, 4, '2021-12-20 01:23:46', '2021-12-20 01:23:46'),
(570, 34, 156, 100, 4, '2021-12-20 01:23:46', '2021-12-20 01:23:46'),
(571, 34, 156, 101, 4, '2021-12-20 01:23:46', '2021-12-20 01:23:46'),
(572, 34, 156, 102, 4, '2021-12-20 01:23:46', '2021-12-20 01:23:46'),
(573, 34, 156, 103, 5, '2021-12-20 01:23:46', '2021-12-20 01:23:46'),
(574, 34, 156, 104, 6, '2021-12-20 01:23:46', '2021-12-20 01:23:46'),
(575, 34, 156, 105, 7, '2021-12-20 01:23:46', '2021-12-20 01:23:46'),
(576, 34, 156, 106, 8, '2021-12-20 01:23:46', '2021-12-20 01:23:46'),
(577, 34, 156, 107, 9, '2021-12-20 01:23:46', '2021-12-20 01:23:46'),
(578, 34, 156, 108, 10, '2021-12-20 01:23:46', '2021-12-20 01:23:46'),
(579, 34, 156, 109, 10, '2021-12-20 01:23:46', '2021-12-20 01:23:46'),
(580, 34, 156, 110, 10, '2021-12-20 01:23:46', '2021-12-20 01:23:46'),
(581, 34, 156, 111, 4, '2021-12-20 01:23:46', '2021-12-20 01:23:46'),
(582, 34, 156, 112, 5, '2021-12-20 01:23:46', '2021-12-20 01:23:46'),
(583, 34, 156, 113, 6, '2021-12-20 01:23:46', '2021-12-20 01:23:46'),
(584, 34, 156, 114, 7, '2021-12-20 01:23:46', '2021-12-20 01:23:46'),
(585, 34, 156, 115, 8, '2021-12-20 01:23:46', '2021-12-20 01:23:46'),
(586, 34, 156, 116, 9, '2021-12-20 01:23:46', '2021-12-20 01:23:46'),
(587, 34, 156, 117, 10, '2021-12-20 01:23:46', '2021-12-20 01:23:46'),
(588, 34, 156, 118, 10, '2021-12-20 01:23:46', '2021-12-20 01:23:46'),
(589, 34, 156, 119, 10, '2021-12-20 01:23:46', '2021-12-20 01:23:46'),
(590, 34, 156, 120, 4, '2021-12-20 01:23:46', '2021-12-20 01:23:46'),
(591, 34, 156, 121, 5, '2021-12-20 01:23:46', '2021-12-20 01:23:46'),
(592, 34, 156, 122, 6, '2021-12-20 01:23:46', '2021-12-20 01:23:46'),
(593, 34, 156, 123, 7, '2021-12-20 01:23:46', '2021-12-20 01:23:46'),
(594, 34, 156, 124, 8, '2021-12-20 01:23:46', '2021-12-20 01:23:46'),
(595, 34, 156, 125, 9, '2021-12-20 01:23:46', '2021-12-20 01:23:46'),
(596, 34, 156, 126, 10, '2021-12-20 01:23:46', '2021-12-20 01:23:46'),
(597, 34, 156, 127, 10, '2021-12-20 01:23:46', '2021-12-20 01:23:46'),
(598, 34, 156, 128, 10, '2021-12-20 01:23:46', '2021-12-20 01:23:46'),
(599, 34, 156, 129, 4, '2021-12-20 01:23:46', '2021-12-20 01:23:46'),
(600, 34, 156, 130, 5, '2021-12-20 01:23:46', '2021-12-20 01:23:46'),
(601, 34, 156, 131, 6, '2021-12-20 01:23:46', '2021-12-20 01:23:46'),
(602, 34, 156, 132, 7, '2021-12-20 01:23:46', '2021-12-20 01:23:46'),
(603, 34, 156, 133, 8, '2021-12-20 01:23:46', '2021-12-20 01:23:46'),
(604, 34, 156, 134, 9, '2021-12-20 01:23:46', '2021-12-20 01:23:46'),
(605, 34, 156, 135, 10, '2021-12-20 01:23:46', '2021-12-20 01:23:46'),
(606, 34, 156, 136, 10, '2021-12-20 01:23:46', '2021-12-20 01:23:46'),
(607, 34, 156, 137, 10, '2021-12-20 01:23:46', '2021-12-20 01:23:46'),
(608, 34, 156, 138, 4, '2021-12-20 01:23:46', '2021-12-20 01:23:46'),
(609, 34, 156, 139, 5, '2021-12-20 01:23:46', '2021-12-20 01:23:46'),
(610, 34, 156, 140, 6, '2021-12-20 01:23:46', '2021-12-20 01:23:46'),
(611, 34, 156, 141, 7, '2021-12-20 01:23:46', '2021-12-20 01:23:46'),
(612, 34, 156, 142, 8, '2021-12-20 01:23:46', '2021-12-20 01:23:46'),
(613, 34, 156, 143, 9, '2021-12-20 01:23:46', '2021-12-20 01:23:46'),
(614, 34, 156, 144, 10, '2021-12-20 01:23:46', '2021-12-20 01:23:46'),
(615, 34, 156, 145, 10, '2021-12-20 01:23:46', '2021-12-20 01:23:46'),
(616, 34, 156, 146, 10, '2021-12-20 01:23:46', '2021-12-20 01:23:46'),
(617, 34, 156, 147, 4, '2021-12-20 01:23:46', '2021-12-20 01:23:46'),
(618, 34, 156, 148, 5, '2021-12-20 01:23:46', '2021-12-20 01:23:46'),
(619, 34, 156, 149, 6, '2021-12-20 01:23:46', '2021-12-20 01:23:46'),
(620, 34, 156, 150, 7, '2021-12-20 01:23:46', '2021-12-20 01:23:46'),
(621, 34, 156, 151, 8, '2021-12-20 01:23:46', '2021-12-20 01:23:46'),
(622, 34, 156, 152, 9, '2021-12-20 01:23:46', '2021-12-20 01:23:46'),
(623, 34, 156, 153, 10, '2021-12-20 01:23:46', '2021-12-20 01:23:46'),
(624, 34, 156, 154, 10, '2021-12-20 01:23:46', '2021-12-20 01:23:46'),
(625, 34, 156, 155, 10, '2021-12-20 01:23:46', '2021-12-20 01:23:46'),
(626, 34, 156, 156, 4, '2021-12-20 01:23:46', '2021-12-20 01:23:46'),
(627, 34, 156, 157, 4, '2021-12-20 01:23:46', '2021-12-20 01:23:46'),
(628, 34, 156, 158, 4, '2021-12-20 01:23:46', '2021-12-20 01:23:46'),
(629, 34, 156, 159, 4, '2021-12-20 01:23:46', '2021-12-20 01:23:46'),
(630, 34, 156, 160, 4, '2021-12-20 01:23:46', '2021-12-20 01:23:46'),
(631, 34, 156, 161, 4, '2021-12-20 01:23:46', '2021-12-20 01:23:46'),
(632, 34, 156, 162, 4, '2021-12-20 01:23:46', '2021-12-20 01:23:46'),
(633, 34, 156, 163, 4, '2021-12-20 01:23:46', '2021-12-20 01:23:46'),
(634, 34, 156, 164, 5, '2021-12-20 01:23:46', '2021-12-20 01:23:46'),
(635, 34, 156, 165, 6, '2021-12-20 01:23:46', '2021-12-20 01:23:46'),
(636, 34, 156, 166, 7, '2021-12-20 01:23:46', '2021-12-20 01:23:46'),
(637, 34, 156, 167, 8, '2021-12-20 01:23:46', '2021-12-20 01:23:46'),
(638, 34, 156, 168, 9, '2021-12-20 01:23:46', '2021-12-20 01:23:46'),
(639, 34, 156, 169, 10, '2021-12-20 01:23:46', '2021-12-20 01:23:46'),
(640, 34, 156, 170, 10, '2021-12-20 01:23:46', '2021-12-20 01:23:46'),
(641, 34, 156, 171, 10, '2021-12-20 01:23:46', '2021-12-20 01:23:46'),
(642, 34, 156, 172, 4, '2021-12-20 01:23:46', '2021-12-20 01:23:46'),
(643, 34, 156, 173, 5, '2021-12-20 01:23:46', '2021-12-20 01:23:46'),
(644, 34, 156, 174, 6, '2021-12-20 01:23:46', '2021-12-20 01:23:46'),
(645, 34, 156, 175, 7, '2021-12-20 01:23:46', '2021-12-20 01:23:46'),
(646, 34, 156, 176, 8, '2021-12-20 01:23:46', '2021-12-20 01:23:46'),
(647, 34, 156, 177, 9, '2021-12-20 01:23:46', '2021-12-20 01:23:46'),
(648, 34, 156, 178, 10, '2021-12-20 01:23:46', '2021-12-20 01:23:46'),
(649, 34, 156, 179, 10, '2021-12-20 01:23:46', '2021-12-20 01:23:46'),
(650, 34, 156, 180, 10, '2021-12-20 01:23:46', '2021-12-20 01:23:46'),
(651, 34, 156, 181, 4, '2021-12-20 01:23:46', '2021-12-20 01:23:46'),
(652, 34, 156, 182, 5, '2021-12-20 01:23:46', '2021-12-20 01:23:46'),
(653, 34, 156, 183, 6, '2021-12-20 01:23:46', '2021-12-20 01:23:46'),
(654, 34, 156, 184, 7, '2021-12-20 01:23:46', '2021-12-20 01:23:46'),
(655, 34, 156, 185, 8, '2021-12-20 01:23:46', '2021-12-20 01:23:46'),
(656, 34, 156, 186, 9, '2021-12-20 01:23:46', '2021-12-20 01:23:46'),
(657, 34, 156, 187, 10, '2021-12-20 01:23:46', '2021-12-20 01:23:46'),
(658, 34, 156, 188, 10, '2021-12-20 01:23:46', '2021-12-20 01:23:46'),
(659, 34, 156, 189, 10, '2021-12-20 01:23:46', '2021-12-20 01:23:46'),
(660, 34, 156, 190, 4, '2021-12-20 01:23:46', '2021-12-20 01:23:46'),
(661, 34, 156, 191, 5, '2021-12-20 01:23:46', '2021-12-20 01:23:46'),
(662, 34, 156, 192, 6, '2021-12-20 01:23:46', '2021-12-20 01:23:46'),
(663, 34, 156, 193, 7, '2021-12-20 01:23:46', '2021-12-20 01:23:46'),
(664, 34, 156, 194, 8, '2021-12-20 01:23:46', '2021-12-20 01:23:46'),
(665, 34, 156, 195, 9, '2021-12-20 01:23:46', '2021-12-20 01:23:46'),
(666, 34, 156, 196, 10, '2021-12-20 01:23:46', '2021-12-20 01:23:46'),
(667, 34, 156, 197, 10, '2021-12-20 01:23:46', '2021-12-20 01:23:46'),
(668, 34, 156, 198, 10, '2021-12-20 01:23:46', '2021-12-20 01:23:46'),
(669, 34, 156, 199, 4, '2021-12-20 01:23:47', '2021-12-20 01:23:47'),
(670, 34, 156, 200, 5, '2021-12-20 01:23:47', '2021-12-20 01:23:47'),
(671, 34, 156, 201, 6, '2021-12-20 01:23:47', '2021-12-20 01:23:47'),
(672, 34, 156, 202, 7, '2021-12-20 01:23:47', '2021-12-20 01:23:47'),
(673, 34, 156, 203, 8, '2021-12-20 01:23:47', '2021-12-20 01:23:47'),
(674, 34, 156, 204, 9, '2021-12-20 01:23:47', '2021-12-20 01:23:47'),
(675, 34, 156, 205, 10, '2021-12-20 01:23:47', '2021-12-20 01:23:47'),
(676, 34, 156, 206, 10, '2021-12-20 01:23:47', '2021-12-20 01:23:47'),
(677, 34, 156, 207, 10, '2021-12-20 01:23:47', '2021-12-20 01:23:47'),
(678, 34, 156, 208, 4, '2021-12-20 01:23:47', '2021-12-20 01:23:47'),
(679, 34, 156, 209, 5, '2021-12-20 01:23:47', '2021-12-20 01:23:47'),
(680, 34, 156, 210, 6, '2021-12-20 01:23:47', '2021-12-20 01:23:47'),
(681, 34, 156, 211, 7, '2021-12-20 01:23:47', '2021-12-20 01:23:47'),
(682, 34, 156, 212, 8, '2021-12-20 01:23:47', '2021-12-20 01:23:47'),
(683, 34, 156, 213, 9, '2021-12-20 01:23:47', '2021-12-20 01:23:47'),
(684, 34, 156, 214, 10, '2021-12-20 01:23:47', '2021-12-20 01:23:47'),
(685, 34, 156, 215, 10, '2021-12-20 01:23:47', '2021-12-20 01:23:47'),
(686, 34, 156, 216, 10, '2021-12-20 01:23:47', '2021-12-20 01:23:47'),
(687, 34, 156, 217, 4, '2021-12-20 01:23:47', '2021-12-20 01:23:47'),
(688, 34, 156, 218, 4, '2021-12-20 01:23:47', '2021-12-20 01:23:47'),
(689, 34, 156, 219, 4, '2021-12-20 01:23:47', '2021-12-20 01:23:47'),
(690, 34, 156, 220, 4, '2021-12-20 01:23:47', '2021-12-20 01:23:47'),
(691, 34, 156, 221, 4, '2021-12-20 01:23:47', '2021-12-20 01:23:47'),
(692, 34, 156, 222, 4, '2021-12-20 01:23:47', '2021-12-20 01:23:47'),
(693, 34, 156, 223, 4, '2021-12-20 01:23:47', '2021-12-20 01:23:47'),
(694, 34, 156, 224, 4, '2021-12-20 01:23:47', '2021-12-20 01:23:47'),
(695, 34, 156, 225, 5, '2021-12-20 01:23:47', '2021-12-20 01:23:47'),
(696, 34, 156, 226, 6, '2021-12-20 01:23:47', '2021-12-20 01:23:47'),
(697, 34, 156, 227, 7, '2021-12-20 01:23:47', '2021-12-20 01:23:47'),
(698, 34, 156, 228, 8, '2021-12-20 01:23:47', '2021-12-20 01:23:47'),
(699, 34, 156, 229, 9, '2021-12-20 01:23:47', '2021-12-20 01:23:47'),
(700, 34, 156, 230, 10, '2021-12-20 01:23:47', '2021-12-20 01:23:47'),
(701, 34, 156, 231, 10, '2021-12-20 01:23:47', '2021-12-20 01:23:47'),
(702, 34, 156, 232, 10, '2021-12-20 01:23:47', '2021-12-20 01:23:47'),
(703, 34, 156, 233, 4, '2021-12-20 01:23:47', '2021-12-20 01:23:47'),
(704, 34, 156, 234, 5, '2021-12-20 01:23:47', '2021-12-20 01:23:47'),
(705, 34, 156, 235, 6, '2021-12-20 01:23:47', '2021-12-20 01:23:47'),
(706, 34, 156, 236, 7, '2021-12-20 01:23:47', '2021-12-20 01:23:47'),
(707, 34, 156, 237, 8, '2021-12-20 01:23:47', '2021-12-20 01:23:47'),
(708, 34, 156, 238, 9, '2021-12-20 01:23:47', '2021-12-20 01:23:47'),
(709, 34, 156, 239, 10, '2021-12-20 01:23:47', '2021-12-20 01:23:47'),
(710, 34, 156, 240, 10, '2021-12-20 01:23:47', '2021-12-20 01:23:47'),
(711, 34, 156, 241, 10, '2021-12-20 01:23:47', '2021-12-20 01:23:47'),
(712, 34, 156, 242, 4, '2021-12-20 01:23:47', '2021-12-20 01:23:47'),
(713, 34, 156, 243, 5, '2021-12-20 01:23:47', '2021-12-20 01:23:47'),
(714, 34, 156, 244, 6, '2021-12-20 01:23:47', '2021-12-20 01:23:47'),
(715, 34, 156, 245, 7, '2021-12-20 01:23:47', '2021-12-20 01:23:47'),
(716, 34, 156, 246, 8, '2021-12-20 01:23:47', '2021-12-20 01:23:47'),
(717, 34, 156, 247, 9, '2021-12-20 01:23:47', '2021-12-20 01:23:47'),
(718, 34, 156, 248, 10, '2021-12-20 01:23:47', '2021-12-20 01:23:47'),
(719, 34, 156, 249, 10, '2021-12-20 01:23:47', '2021-12-20 01:23:47'),
(720, 34, 156, 250, 10, '2021-12-20 01:23:47', '2021-12-20 01:23:47'),
(721, 34, 156, 251, 4, '2021-12-20 01:23:47', '2021-12-20 01:23:47'),
(722, 35, 156, 1, 4, '2021-12-20 01:57:11', '2021-12-20 01:57:11'),
(723, 35, 156, 2, 4, '2021-12-20 01:57:11', '2021-12-20 01:57:11'),
(724, 35, 156, 3, 4, '2021-12-20 01:57:11', '2021-12-20 01:57:11'),
(725, 35, 156, 4, 4, '2021-12-20 01:57:11', '2021-12-20 01:57:11'),
(726, 35, 156, 5, 4, '2021-12-20 01:57:11', '2021-12-20 01:57:11'),
(727, 35, 156, 6, 4, '2021-12-20 01:57:11', '2021-12-20 01:57:11'),
(728, 35, 156, 7, 4, '2021-12-20 01:57:11', '2021-12-20 01:57:11'),
(729, 35, 156, 8, 5, '2021-12-20 01:57:11', '2021-12-20 01:57:11'),
(730, 35, 156, 9, 6, '2021-12-20 01:57:11', '2021-12-20 01:57:11'),
(731, 35, 156, 10, 7, '2021-12-20 01:57:11', '2021-12-20 01:57:11'),
(732, 35, 156, 11, 8, '2021-12-20 01:57:11', '2021-12-20 01:57:11'),
(733, 35, 156, 12, 9, '2021-12-20 01:57:11', '2021-12-20 01:57:11'),
(734, 35, 156, 13, 10, '2021-12-20 01:57:11', '2021-12-20 01:57:11'),
(735, 35, 156, 14, 10, '2021-12-20 01:57:11', '2021-12-20 01:57:11'),
(736, 35, 156, 15, 10, '2021-12-20 01:57:11', '2021-12-20 01:57:11'),
(737, 35, 156, 16, 4, '2021-12-20 01:57:11', '2021-12-20 01:57:11'),
(738, 35, 156, 17, 5, '2021-12-20 01:57:11', '2021-12-20 01:57:11'),
(739, 35, 156, 18, 6, '2021-12-20 01:57:11', '2021-12-20 01:57:11'),
(740, 35, 156, 19, 7, '2021-12-20 01:57:11', '2021-12-20 01:57:11'),
(741, 35, 156, 20, 8, '2021-12-20 01:57:11', '2021-12-20 01:57:11'),
(742, 35, 156, 21, 9, '2021-12-20 01:57:11', '2021-12-20 01:57:11'),
(743, 35, 156, 22, 10, '2021-12-20 01:57:11', '2021-12-20 01:57:11'),
(744, 35, 156, 23, 10, '2021-12-20 01:57:11', '2021-12-20 01:57:11'),
(745, 35, 156, 24, 10, '2021-12-20 01:57:11', '2021-12-20 01:57:11'),
(746, 35, 156, 25, 4, '2021-12-20 01:57:11', '2021-12-20 01:57:11'),
(747, 35, 156, 26, 5, '2021-12-20 01:57:11', '2021-12-20 01:57:11'),
(748, 35, 156, 27, 6, '2021-12-20 01:57:11', '2021-12-20 01:57:11'),
(749, 35, 156, 28, 7, '2021-12-20 01:57:11', '2021-12-20 01:57:11'),
(750, 35, 156, 29, 8, '2021-12-20 01:57:11', '2021-12-20 01:57:11'),
(751, 35, 156, 30, 9, '2021-12-20 01:57:11', '2021-12-20 01:57:11'),
(752, 35, 156, 31, 10, '2021-12-20 01:57:11', '2021-12-20 01:57:11'),
(753, 35, 156, 32, 10, '2021-12-20 01:57:11', '2021-12-20 01:57:11'),
(754, 35, 156, 33, 10, '2021-12-20 01:57:11', '2021-12-20 01:57:11'),
(755, 35, 156, 34, 4, '2021-12-20 01:57:11', '2021-12-20 01:57:11'),
(756, 35, 156, 35, 4, '2021-12-20 01:57:11', '2021-12-20 01:57:11'),
(757, 35, 156, 36, 4, '2021-12-20 01:57:11', '2021-12-20 01:57:11'),
(758, 35, 156, 37, 4, '2021-12-20 01:57:11', '2021-12-20 01:57:11'),
(759, 35, 156, 38, 4, '2021-12-20 01:57:11', '2021-12-20 01:57:11'),
(760, 35, 156, 39, 4, '2021-12-20 01:57:11', '2021-12-20 01:57:11'),
(761, 35, 156, 40, 4, '2021-12-20 01:57:11', '2021-12-20 01:57:11'),
(762, 35, 156, 41, 4, '2021-12-20 01:57:11', '2021-12-20 01:57:11'),
(763, 35, 156, 42, 5, '2021-12-20 01:57:11', '2021-12-20 01:57:11'),
(764, 35, 156, 43, 6, '2021-12-20 01:57:11', '2021-12-20 01:57:11'),
(765, 35, 156, 44, 7, '2021-12-20 01:57:11', '2021-12-20 01:57:11'),
(766, 35, 156, 45, 8, '2021-12-20 01:57:11', '2021-12-20 01:57:11'),
(767, 35, 156, 46, 9, '2021-12-20 01:57:11', '2021-12-20 01:57:11'),
(768, 35, 156, 47, 10, '2021-12-20 01:57:11', '2021-12-20 01:57:11'),
(769, 35, 156, 48, 10, '2021-12-20 01:57:11', '2021-12-20 01:57:11'),
(770, 35, 156, 49, 10, '2021-12-20 01:57:11', '2021-12-20 01:57:11'),
(771, 35, 156, 50, 4, '2021-12-20 01:57:11', '2021-12-20 01:57:11'),
(772, 35, 156, 51, 5, '2021-12-20 01:57:11', '2021-12-20 01:57:11'),
(773, 35, 156, 52, 6, '2021-12-20 01:57:11', '2021-12-20 01:57:11'),
(774, 35, 156, 53, 7, '2021-12-20 01:57:11', '2021-12-20 01:57:11'),
(775, 35, 156, 54, 8, '2021-12-20 01:57:11', '2021-12-20 01:57:11'),
(776, 35, 156, 55, 9, '2021-12-20 01:57:11', '2021-12-20 01:57:11'),
(777, 35, 156, 56, 10, '2021-12-20 01:57:11', '2021-12-20 01:57:11'),
(778, 35, 156, 57, 10, '2021-12-20 01:57:11', '2021-12-20 01:57:11'),
(779, 35, 156, 58, 10, '2021-12-20 01:57:11', '2021-12-20 01:57:11'),
(780, 35, 156, 59, 4, '2021-12-20 01:57:11', '2021-12-20 01:57:11'),
(781, 35, 156, 60, 5, '2021-12-20 01:57:11', '2021-12-20 01:57:11'),
(782, 35, 156, 61, 6, '2021-12-20 01:57:11', '2021-12-20 01:57:11'),
(783, 35, 156, 62, 7, '2021-12-20 01:57:11', '2021-12-20 01:57:11'),
(784, 35, 156, 63, 8, '2021-12-20 01:57:12', '2021-12-20 01:57:12'),
(785, 35, 156, 64, 9, '2021-12-20 01:57:12', '2021-12-20 01:57:12'),
(786, 35, 156, 65, 10, '2021-12-20 01:57:12', '2021-12-20 01:57:12'),
(787, 35, 156, 66, 10, '2021-12-20 01:57:12', '2021-12-20 01:57:12'),
(788, 35, 156, 67, 10, '2021-12-20 01:57:12', '2021-12-20 01:57:12'),
(789, 35, 156, 68, 4, '2021-12-20 01:57:12', '2021-12-20 01:57:12'),
(790, 35, 156, 69, 5, '2021-12-20 01:57:12', '2021-12-20 01:57:12'),
(791, 35, 156, 70, 6, '2021-12-20 01:57:12', '2021-12-20 01:57:12'),
(792, 35, 156, 71, 7, '2021-12-20 01:57:12', '2021-12-20 01:57:12'),
(793, 35, 156, 72, 8, '2021-12-20 01:57:12', '2021-12-20 01:57:12'),
(794, 35, 156, 73, 9, '2021-12-20 01:57:12', '2021-12-20 01:57:12'),
(795, 35, 156, 74, 10, '2021-12-20 01:57:12', '2021-12-20 01:57:12'),
(796, 35, 156, 75, 10, '2021-12-20 01:57:12', '2021-12-20 01:57:12'),
(797, 35, 156, 76, 10, '2021-12-20 01:57:12', '2021-12-20 01:57:12'),
(798, 35, 156, 77, 4, '2021-12-20 01:57:12', '2021-12-20 01:57:12'),
(799, 35, 156, 78, 5, '2021-12-20 01:57:12', '2021-12-20 01:57:12'),
(800, 35, 156, 79, 6, '2021-12-20 01:57:12', '2021-12-20 01:57:12'),
(801, 35, 156, 80, 7, '2021-12-20 01:57:12', '2021-12-20 01:57:12'),
(802, 35, 156, 81, 8, '2021-12-20 01:57:12', '2021-12-20 01:57:12'),
(803, 35, 156, 82, 9, '2021-12-20 01:57:12', '2021-12-20 01:57:12'),
(804, 35, 156, 83, 10, '2021-12-20 01:57:12', '2021-12-20 01:57:12'),
(805, 35, 156, 84, 10, '2021-12-20 01:57:12', '2021-12-20 01:57:12'),
(806, 35, 156, 85, 10, '2021-12-20 01:57:12', '2021-12-20 01:57:12'),
(807, 35, 156, 86, 4, '2021-12-20 01:57:12', '2021-12-20 01:57:12'),
(808, 35, 156, 87, 5, '2021-12-20 01:57:12', '2021-12-20 01:57:12'),
(809, 35, 156, 88, 6, '2021-12-20 01:57:12', '2021-12-20 01:57:12'),
(810, 35, 156, 89, 7, '2021-12-20 01:57:12', '2021-12-20 01:57:12'),
(811, 35, 156, 90, 8, '2021-12-20 01:57:12', '2021-12-20 01:57:12'),
(812, 35, 156, 91, 9, '2021-12-20 01:57:12', '2021-12-20 01:57:12'),
(813, 35, 156, 92, 10, '2021-12-20 01:57:12', '2021-12-20 01:57:12'),
(814, 35, 156, 93, 10, '2021-12-20 01:57:12', '2021-12-20 01:57:12'),
(815, 35, 156, 94, 10, '2021-12-20 01:57:12', '2021-12-20 01:57:12'),
(816, 35, 156, 95, 4, '2021-12-20 01:57:12', '2021-12-20 01:57:12'),
(817, 35, 156, 96, 4, '2021-12-20 01:57:12', '2021-12-20 01:57:12'),
(818, 35, 156, 97, 4, '2021-12-20 01:57:12', '2021-12-20 01:57:12'),
(819, 35, 156, 98, 4, '2021-12-20 01:57:12', '2021-12-20 01:57:12'),
(820, 35, 156, 99, 4, '2021-12-20 01:57:12', '2021-12-20 01:57:12'),
(821, 35, 156, 100, 4, '2021-12-20 01:57:12', '2021-12-20 01:57:12'),
(822, 35, 156, 101, 4, '2021-12-20 01:57:12', '2021-12-20 01:57:12'),
(823, 35, 156, 102, 4, '2021-12-20 01:57:12', '2021-12-20 01:57:12'),
(824, 35, 156, 103, 5, '2021-12-20 01:57:12', '2021-12-20 01:57:12'),
(825, 35, 156, 104, 6, '2021-12-20 01:57:12', '2021-12-20 01:57:12'),
(826, 35, 156, 105, 7, '2021-12-20 01:57:12', '2021-12-20 01:57:12'),
(827, 35, 156, 106, 8, '2021-12-20 01:57:12', '2021-12-20 01:57:12'),
(828, 35, 156, 107, 9, '2021-12-20 01:57:12', '2021-12-20 01:57:12'),
(829, 35, 156, 108, 10, '2021-12-20 01:57:12', '2021-12-20 01:57:12'),
(830, 35, 156, 109, 10, '2021-12-20 01:57:12', '2021-12-20 01:57:12'),
(831, 35, 156, 110, 10, '2021-12-20 01:57:12', '2021-12-20 01:57:12'),
(832, 35, 156, 111, 4, '2021-12-20 01:57:12', '2021-12-20 01:57:12'),
(833, 35, 156, 112, 5, '2021-12-20 01:57:12', '2021-12-20 01:57:12'),
(834, 35, 156, 113, 6, '2021-12-20 01:57:12', '2021-12-20 01:57:12'),
(835, 35, 156, 114, 7, '2021-12-20 01:57:12', '2021-12-20 01:57:12'),
(836, 35, 156, 115, 8, '2021-12-20 01:57:12', '2021-12-20 01:57:12'),
(837, 35, 156, 116, 9, '2021-12-20 01:57:12', '2021-12-20 01:57:12'),
(838, 35, 156, 117, 10, '2021-12-20 01:57:12', '2021-12-20 01:57:12'),
(839, 35, 156, 118, 10, '2021-12-20 01:57:12', '2021-12-20 01:57:12'),
(840, 35, 156, 119, 10, '2021-12-20 01:57:12', '2021-12-20 01:57:12'),
(841, 35, 156, 120, 4, '2021-12-20 01:57:12', '2021-12-20 01:57:12'),
(842, 35, 156, 121, 5, '2021-12-20 01:57:12', '2021-12-20 01:57:12'),
(843, 35, 156, 122, 6, '2021-12-20 01:57:12', '2021-12-20 01:57:12'),
(844, 35, 156, 123, 7, '2021-12-20 01:57:12', '2021-12-20 01:57:12'),
(845, 35, 156, 124, 8, '2021-12-20 01:57:12', '2021-12-20 01:57:12'),
(846, 35, 156, 125, 9, '2021-12-20 01:57:12', '2021-12-20 01:57:12'),
(847, 35, 156, 126, 10, '2021-12-20 01:57:12', '2021-12-20 01:57:12'),
(848, 35, 156, 127, 10, '2021-12-20 01:57:12', '2021-12-20 01:57:12'),
(849, 35, 156, 128, 10, '2021-12-20 01:57:12', '2021-12-20 01:57:12'),
(850, 35, 156, 129, 4, '2021-12-20 01:57:12', '2021-12-20 01:57:12'),
(851, 35, 156, 130, 5, '2021-12-20 01:57:12', '2021-12-20 01:57:12');
INSERT INTO `answers` (`id`, `survey_id`, `user_id`, `question_id`, `m_c_q_s_id`, `created_at`, `updated_at`) VALUES
(852, 35, 156, 131, 6, '2021-12-20 01:57:12', '2021-12-20 01:57:12'),
(853, 35, 156, 132, 7, '2021-12-20 01:57:12', '2021-12-20 01:57:12'),
(854, 35, 156, 133, 8, '2021-12-20 01:57:12', '2021-12-20 01:57:12'),
(855, 35, 156, 134, 9, '2021-12-20 01:57:12', '2021-12-20 01:57:12'),
(856, 35, 156, 135, 10, '2021-12-20 01:57:12', '2021-12-20 01:57:12'),
(857, 35, 156, 136, 10, '2021-12-20 01:57:12', '2021-12-20 01:57:12'),
(858, 35, 156, 137, 10, '2021-12-20 01:57:12', '2021-12-20 01:57:12'),
(859, 35, 156, 138, 4, '2021-12-20 01:57:12', '2021-12-20 01:57:12'),
(860, 35, 156, 139, 5, '2021-12-20 01:57:12', '2021-12-20 01:57:12'),
(861, 35, 156, 140, 6, '2021-12-20 01:57:12', '2021-12-20 01:57:12'),
(862, 35, 156, 141, 7, '2021-12-20 01:57:12', '2021-12-20 01:57:12'),
(863, 35, 156, 142, 8, '2021-12-20 01:57:12', '2021-12-20 01:57:12'),
(864, 35, 156, 143, 9, '2021-12-20 01:57:12', '2021-12-20 01:57:12'),
(865, 35, 156, 144, 10, '2021-12-20 01:57:12', '2021-12-20 01:57:12'),
(866, 35, 156, 145, 10, '2021-12-20 01:57:12', '2021-12-20 01:57:12'),
(867, 35, 156, 146, 10, '2021-12-20 01:57:12', '2021-12-20 01:57:12'),
(868, 35, 156, 147, 4, '2021-12-20 01:57:12', '2021-12-20 01:57:12'),
(869, 35, 156, 148, 5, '2021-12-20 01:57:12', '2021-12-20 01:57:12'),
(870, 35, 156, 149, 6, '2021-12-20 01:57:12', '2021-12-20 01:57:12'),
(871, 35, 156, 150, 7, '2021-12-20 01:57:12', '2021-12-20 01:57:12'),
(872, 35, 156, 151, 8, '2021-12-20 01:57:12', '2021-12-20 01:57:12'),
(873, 35, 156, 152, 9, '2021-12-20 01:57:12', '2021-12-20 01:57:12'),
(874, 35, 156, 153, 10, '2021-12-20 01:57:12', '2021-12-20 01:57:12'),
(875, 35, 156, 154, 10, '2021-12-20 01:57:12', '2021-12-20 01:57:12'),
(876, 35, 156, 155, 10, '2021-12-20 01:57:12', '2021-12-20 01:57:12'),
(877, 35, 156, 156, 4, '2021-12-20 01:57:12', '2021-12-20 01:57:12'),
(878, 35, 156, 157, 4, '2021-12-20 01:57:12', '2021-12-20 01:57:12'),
(879, 35, 156, 158, 4, '2021-12-20 01:57:12', '2021-12-20 01:57:12'),
(880, 35, 156, 159, 4, '2021-12-20 01:57:12', '2021-12-20 01:57:12'),
(881, 35, 156, 160, 4, '2021-12-20 01:57:12', '2021-12-20 01:57:12'),
(882, 35, 156, 161, 4, '2021-12-20 01:57:12', '2021-12-20 01:57:12'),
(883, 35, 156, 162, 4, '2021-12-20 01:57:12', '2021-12-20 01:57:12'),
(884, 35, 156, 163, 4, '2021-12-20 01:57:12', '2021-12-20 01:57:12'),
(885, 35, 156, 164, 5, '2021-12-20 01:57:12', '2021-12-20 01:57:12'),
(886, 35, 156, 165, 6, '2021-12-20 01:57:12', '2021-12-20 01:57:12'),
(887, 35, 156, 166, 7, '2021-12-20 01:57:12', '2021-12-20 01:57:12'),
(888, 35, 156, 167, 8, '2021-12-20 01:57:12', '2021-12-20 01:57:12'),
(889, 35, 156, 168, 9, '2021-12-20 01:57:12', '2021-12-20 01:57:12'),
(890, 35, 156, 169, 10, '2021-12-20 01:57:12', '2021-12-20 01:57:12'),
(891, 35, 156, 170, 10, '2021-12-20 01:57:12', '2021-12-20 01:57:12'),
(892, 35, 156, 171, 10, '2021-12-20 01:57:12', '2021-12-20 01:57:12'),
(893, 35, 156, 172, 4, '2021-12-20 01:57:12', '2021-12-20 01:57:12'),
(894, 35, 156, 173, 5, '2021-12-20 01:57:12', '2021-12-20 01:57:12'),
(895, 35, 156, 174, 6, '2021-12-20 01:57:12', '2021-12-20 01:57:12'),
(896, 35, 156, 175, 7, '2021-12-20 01:57:12', '2021-12-20 01:57:12'),
(897, 35, 156, 176, 8, '2021-12-20 01:57:12', '2021-12-20 01:57:12'),
(898, 35, 156, 177, 9, '2021-12-20 01:57:12', '2021-12-20 01:57:12'),
(899, 35, 156, 178, 10, '2021-12-20 01:57:12', '2021-12-20 01:57:12'),
(900, 35, 156, 179, 10, '2021-12-20 01:57:12', '2021-12-20 01:57:12'),
(901, 35, 156, 180, 10, '2021-12-20 01:57:12', '2021-12-20 01:57:12'),
(902, 35, 156, 181, 4, '2021-12-20 01:57:12', '2021-12-20 01:57:12'),
(903, 35, 156, 182, 5, '2021-12-20 01:57:12', '2021-12-20 01:57:12'),
(904, 35, 156, 183, 6, '2021-12-20 01:57:12', '2021-12-20 01:57:12'),
(905, 35, 156, 184, 7, '2021-12-20 01:57:12', '2021-12-20 01:57:12'),
(906, 35, 156, 185, 8, '2021-12-20 01:57:12', '2021-12-20 01:57:12'),
(907, 35, 156, 186, 9, '2021-12-20 01:57:12', '2021-12-20 01:57:12'),
(908, 35, 156, 187, 10, '2021-12-20 01:57:12', '2021-12-20 01:57:12'),
(909, 35, 156, 188, 10, '2021-12-20 01:57:12', '2021-12-20 01:57:12'),
(910, 35, 156, 189, 10, '2021-12-20 01:57:12', '2021-12-20 01:57:12'),
(911, 35, 156, 190, 4, '2021-12-20 01:57:12', '2021-12-20 01:57:12'),
(912, 35, 156, 191, 5, '2021-12-20 01:57:12', '2021-12-20 01:57:12'),
(913, 35, 156, 192, 6, '2021-12-20 01:57:12', '2021-12-20 01:57:12'),
(914, 35, 156, 193, 7, '2021-12-20 01:57:12', '2021-12-20 01:57:12'),
(915, 35, 156, 194, 8, '2021-12-20 01:57:12', '2021-12-20 01:57:12'),
(916, 35, 156, 195, 9, '2021-12-20 01:57:12', '2021-12-20 01:57:12'),
(917, 35, 156, 196, 10, '2021-12-20 01:57:12', '2021-12-20 01:57:12'),
(918, 35, 156, 197, 10, '2021-12-20 01:57:12', '2021-12-20 01:57:12'),
(919, 35, 156, 198, 10, '2021-12-20 01:57:12', '2021-12-20 01:57:12'),
(920, 35, 156, 199, 4, '2021-12-20 01:57:12', '2021-12-20 01:57:12'),
(921, 35, 156, 200, 5, '2021-12-20 01:57:12', '2021-12-20 01:57:12'),
(922, 35, 156, 201, 6, '2021-12-20 01:57:12', '2021-12-20 01:57:12'),
(923, 35, 156, 202, 7, '2021-12-20 01:57:12', '2021-12-20 01:57:12'),
(924, 35, 156, 203, 8, '2021-12-20 01:57:12', '2021-12-20 01:57:12'),
(925, 35, 156, 204, 9, '2021-12-20 01:57:12', '2021-12-20 01:57:12'),
(926, 35, 156, 205, 10, '2021-12-20 01:57:12', '2021-12-20 01:57:12'),
(927, 35, 156, 206, 10, '2021-12-20 01:57:12', '2021-12-20 01:57:12'),
(928, 35, 156, 207, 10, '2021-12-20 01:57:12', '2021-12-20 01:57:12'),
(929, 35, 156, 208, 4, '2021-12-20 01:57:12', '2021-12-20 01:57:12'),
(930, 35, 156, 209, 5, '2021-12-20 01:57:12', '2021-12-20 01:57:12'),
(931, 35, 156, 210, 6, '2021-12-20 01:57:12', '2021-12-20 01:57:12'),
(932, 35, 156, 211, 7, '2021-12-20 01:57:12', '2021-12-20 01:57:12'),
(933, 35, 156, 212, 8, '2021-12-20 01:57:12', '2021-12-20 01:57:12'),
(934, 35, 156, 213, 9, '2021-12-20 01:57:12', '2021-12-20 01:57:12'),
(935, 35, 156, 214, 10, '2021-12-20 01:57:12', '2021-12-20 01:57:12'),
(936, 35, 156, 215, 10, '2021-12-20 01:57:12', '2021-12-20 01:57:12'),
(937, 35, 156, 216, 10, '2021-12-20 01:57:12', '2021-12-20 01:57:12'),
(938, 35, 156, 217, 4, '2021-12-20 01:57:12', '2021-12-20 01:57:12'),
(939, 35, 156, 218, 4, '2021-12-20 01:57:12', '2021-12-20 01:57:12'),
(940, 35, 156, 219, 4, '2021-12-20 01:57:12', '2021-12-20 01:57:12'),
(941, 35, 156, 220, 4, '2021-12-20 01:57:12', '2021-12-20 01:57:12'),
(942, 35, 156, 221, 4, '2021-12-20 01:57:12', '2021-12-20 01:57:12'),
(943, 35, 156, 222, 4, '2021-12-20 01:57:12', '2021-12-20 01:57:12'),
(944, 35, 156, 223, 4, '2021-12-20 01:57:12', '2021-12-20 01:57:12'),
(945, 35, 156, 224, 4, '2021-12-20 01:57:12', '2021-12-20 01:57:12'),
(946, 35, 156, 225, 5, '2021-12-20 01:57:12', '2021-12-20 01:57:12'),
(947, 35, 156, 226, 6, '2021-12-20 01:57:12', '2021-12-20 01:57:12'),
(948, 35, 156, 227, 7, '2021-12-20 01:57:12', '2021-12-20 01:57:12'),
(949, 35, 156, 228, 8, '2021-12-20 01:57:12', '2021-12-20 01:57:12'),
(950, 35, 156, 229, 9, '2021-12-20 01:57:12', '2021-12-20 01:57:12'),
(951, 35, 156, 230, 10, '2021-12-20 01:57:12', '2021-12-20 01:57:12'),
(952, 35, 156, 231, 10, '2021-12-20 01:57:12', '2021-12-20 01:57:12'),
(953, 35, 156, 232, 10, '2021-12-20 01:57:12', '2021-12-20 01:57:12'),
(954, 35, 156, 233, 4, '2021-12-20 01:57:12', '2021-12-20 01:57:12'),
(955, 35, 156, 234, 5, '2021-12-20 01:57:12', '2021-12-20 01:57:12'),
(956, 35, 156, 235, 6, '2021-12-20 01:57:12', '2021-12-20 01:57:12'),
(957, 35, 156, 236, 7, '2021-12-20 01:57:12', '2021-12-20 01:57:12'),
(958, 35, 156, 237, 8, '2021-12-20 01:57:12', '2021-12-20 01:57:12'),
(959, 35, 156, 238, 9, '2021-12-20 01:57:12', '2021-12-20 01:57:12'),
(960, 35, 156, 239, 10, '2021-12-20 01:57:12', '2021-12-20 01:57:12'),
(961, 35, 156, 240, 10, '2021-12-20 01:57:12', '2021-12-20 01:57:12'),
(962, 35, 156, 241, 10, '2021-12-20 01:57:12', '2021-12-20 01:57:12'),
(963, 35, 156, 242, 4, '2021-12-20 01:57:12', '2021-12-20 01:57:12'),
(964, 35, 156, 243, 5, '2021-12-20 01:57:12', '2021-12-20 01:57:12'),
(965, 35, 156, 244, 6, '2021-12-20 01:57:12', '2021-12-20 01:57:12'),
(966, 35, 156, 245, 7, '2021-12-20 01:57:12', '2021-12-20 01:57:12'),
(967, 35, 156, 246, 8, '2021-12-20 01:57:12', '2021-12-20 01:57:12'),
(968, 35, 156, 247, 9, '2021-12-20 01:57:12', '2021-12-20 01:57:12'),
(969, 35, 156, 248, 10, '2021-12-20 01:57:12', '2021-12-20 01:57:12'),
(970, 35, 156, 249, 10, '2021-12-20 01:57:12', '2021-12-20 01:57:12'),
(971, 35, 156, 250, 10, '2021-12-20 01:57:12', '2021-12-20 01:57:12'),
(972, 35, 156, 251, 4, '2021-12-20 01:57:12', '2021-12-20 01:57:12'),
(973, 36, 156, 1, 4, '2021-12-20 01:57:46', '2021-12-20 01:57:46'),
(974, 36, 156, 2, 4, '2021-12-20 01:57:46', '2021-12-20 01:57:46'),
(975, 36, 156, 3, 4, '2021-12-20 01:57:46', '2021-12-20 01:57:46'),
(976, 36, 156, 4, 4, '2021-12-20 01:57:46', '2021-12-20 01:57:46'),
(977, 36, 156, 5, 4, '2021-12-20 01:57:46', '2021-12-20 01:57:46'),
(978, 36, 156, 6, 4, '2021-12-20 01:57:46', '2021-12-20 01:57:46'),
(979, 36, 156, 7, 4, '2021-12-20 01:57:46', '2021-12-20 01:57:46'),
(980, 36, 156, 8, 5, '2021-12-20 01:57:46', '2021-12-20 01:57:46'),
(981, 36, 156, 9, 6, '2021-12-20 01:57:46', '2021-12-20 01:57:46'),
(982, 36, 156, 10, 7, '2021-12-20 01:57:46', '2021-12-20 01:57:46'),
(983, 36, 156, 11, 8, '2021-12-20 01:57:46', '2021-12-20 01:57:46'),
(984, 36, 156, 12, 9, '2021-12-20 01:57:46', '2021-12-20 01:57:46'),
(985, 36, 156, 13, 10, '2021-12-20 01:57:46', '2021-12-20 01:57:46'),
(986, 36, 156, 14, 10, '2021-12-20 01:57:46', '2021-12-20 01:57:46'),
(987, 36, 156, 15, 10, '2021-12-20 01:57:46', '2021-12-20 01:57:46'),
(988, 36, 156, 16, 4, '2021-12-20 01:57:46', '2021-12-20 01:57:46'),
(989, 36, 156, 17, 5, '2021-12-20 01:57:46', '2021-12-20 01:57:46'),
(990, 36, 156, 18, 6, '2021-12-20 01:57:46', '2021-12-20 01:57:46'),
(991, 36, 156, 19, 7, '2021-12-20 01:57:46', '2021-12-20 01:57:46'),
(992, 36, 156, 20, 8, '2021-12-20 01:57:46', '2021-12-20 01:57:46'),
(993, 36, 156, 21, 9, '2021-12-20 01:57:46', '2021-12-20 01:57:46'),
(994, 36, 156, 22, 10, '2021-12-20 01:57:46', '2021-12-20 01:57:46'),
(995, 36, 156, 23, 10, '2021-12-20 01:57:46', '2021-12-20 01:57:46'),
(996, 36, 156, 24, 10, '2021-12-20 01:57:46', '2021-12-20 01:57:46'),
(997, 36, 156, 25, 4, '2021-12-20 01:57:46', '2021-12-20 01:57:46'),
(998, 36, 156, 26, 5, '2021-12-20 01:57:46', '2021-12-20 01:57:46'),
(999, 36, 156, 27, 6, '2021-12-20 01:57:46', '2021-12-20 01:57:46'),
(1000, 36, 156, 28, 7, '2021-12-20 01:57:46', '2021-12-20 01:57:46'),
(1001, 36, 156, 29, 8, '2021-12-20 01:57:46', '2021-12-20 01:57:46'),
(1002, 36, 156, 30, 9, '2021-12-20 01:57:46', '2021-12-20 01:57:46'),
(1003, 36, 156, 31, 10, '2021-12-20 01:57:46', '2021-12-20 01:57:46'),
(1004, 36, 156, 32, 10, '2021-12-20 01:57:46', '2021-12-20 01:57:46'),
(1005, 36, 156, 33, 10, '2021-12-20 01:57:46', '2021-12-20 01:57:46'),
(1006, 36, 156, 34, 4, '2021-12-20 01:57:46', '2021-12-20 01:57:46'),
(1007, 36, 156, 35, 4, '2021-12-20 01:57:46', '2021-12-20 01:57:46'),
(1008, 36, 156, 36, 4, '2021-12-20 01:57:46', '2021-12-20 01:57:46'),
(1009, 36, 156, 37, 4, '2021-12-20 01:57:46', '2021-12-20 01:57:46'),
(1010, 36, 156, 38, 4, '2021-12-20 01:57:46', '2021-12-20 01:57:46'),
(1011, 36, 156, 39, 4, '2021-12-20 01:57:46', '2021-12-20 01:57:46'),
(1012, 36, 156, 40, 4, '2021-12-20 01:57:46', '2021-12-20 01:57:46'),
(1013, 36, 156, 41, 4, '2021-12-20 01:57:46', '2021-12-20 01:57:46'),
(1014, 36, 156, 42, 5, '2021-12-20 01:57:46', '2021-12-20 01:57:46'),
(1015, 36, 156, 43, 6, '2021-12-20 01:57:46', '2021-12-20 01:57:46'),
(1016, 36, 156, 44, 7, '2021-12-20 01:57:46', '2021-12-20 01:57:46'),
(1017, 36, 156, 45, 8, '2021-12-20 01:57:46', '2021-12-20 01:57:46'),
(1018, 36, 156, 46, 9, '2021-12-20 01:57:46', '2021-12-20 01:57:46'),
(1019, 36, 156, 47, 10, '2021-12-20 01:57:46', '2021-12-20 01:57:46'),
(1020, 36, 156, 48, 10, '2021-12-20 01:57:46', '2021-12-20 01:57:46'),
(1021, 36, 156, 49, 10, '2021-12-20 01:57:46', '2021-12-20 01:57:46'),
(1022, 36, 156, 50, 4, '2021-12-20 01:57:46', '2021-12-20 01:57:46'),
(1023, 36, 156, 51, 5, '2021-12-20 01:57:46', '2021-12-20 01:57:46'),
(1024, 36, 156, 52, 6, '2021-12-20 01:57:46', '2021-12-20 01:57:46'),
(1025, 36, 156, 53, 7, '2021-12-20 01:57:46', '2021-12-20 01:57:46'),
(1026, 36, 156, 54, 8, '2021-12-20 01:57:46', '2021-12-20 01:57:46'),
(1027, 36, 156, 55, 9, '2021-12-20 01:57:46', '2021-12-20 01:57:46'),
(1028, 36, 156, 56, 10, '2021-12-20 01:57:46', '2021-12-20 01:57:46'),
(1029, 36, 156, 57, 10, '2021-12-20 01:57:46', '2021-12-20 01:57:46'),
(1030, 36, 156, 58, 10, '2021-12-20 01:57:46', '2021-12-20 01:57:46'),
(1031, 36, 156, 59, 4, '2021-12-20 01:57:46', '2021-12-20 01:57:46'),
(1032, 36, 156, 60, 5, '2021-12-20 01:57:46', '2021-12-20 01:57:46'),
(1033, 36, 156, 61, 6, '2021-12-20 01:57:46', '2021-12-20 01:57:46'),
(1034, 36, 156, 62, 7, '2021-12-20 01:57:46', '2021-12-20 01:57:46'),
(1035, 36, 156, 63, 8, '2021-12-20 01:57:46', '2021-12-20 01:57:46'),
(1036, 36, 156, 64, 9, '2021-12-20 01:57:46', '2021-12-20 01:57:46'),
(1037, 36, 156, 65, 10, '2021-12-20 01:57:46', '2021-12-20 01:57:46'),
(1038, 36, 156, 66, 10, '2021-12-20 01:57:46', '2021-12-20 01:57:46'),
(1039, 36, 156, 67, 10, '2021-12-20 01:57:46', '2021-12-20 01:57:46'),
(1040, 36, 156, 68, 4, '2021-12-20 01:57:46', '2021-12-20 01:57:46'),
(1041, 36, 156, 69, 5, '2021-12-20 01:57:46', '2021-12-20 01:57:46'),
(1042, 36, 156, 70, 6, '2021-12-20 01:57:46', '2021-12-20 01:57:46'),
(1043, 36, 156, 71, 7, '2021-12-20 01:57:46', '2021-12-20 01:57:46'),
(1044, 36, 156, 72, 8, '2021-12-20 01:57:46', '2021-12-20 01:57:46'),
(1045, 36, 156, 73, 9, '2021-12-20 01:57:46', '2021-12-20 01:57:46'),
(1046, 36, 156, 74, 10, '2021-12-20 01:57:46', '2021-12-20 01:57:46'),
(1047, 36, 156, 75, 10, '2021-12-20 01:57:46', '2021-12-20 01:57:46'),
(1048, 36, 156, 76, 10, '2021-12-20 01:57:46', '2021-12-20 01:57:46'),
(1049, 36, 156, 77, 4, '2021-12-20 01:57:46', '2021-12-20 01:57:46'),
(1050, 36, 156, 78, 5, '2021-12-20 01:57:46', '2021-12-20 01:57:46'),
(1051, 36, 156, 79, 6, '2021-12-20 01:57:46', '2021-12-20 01:57:46'),
(1052, 36, 156, 80, 7, '2021-12-20 01:57:46', '2021-12-20 01:57:46'),
(1053, 36, 156, 81, 8, '2021-12-20 01:57:46', '2021-12-20 01:57:46'),
(1054, 36, 156, 82, 9, '2021-12-20 01:57:46', '2021-12-20 01:57:46'),
(1055, 36, 156, 83, 10, '2021-12-20 01:57:46', '2021-12-20 01:57:46'),
(1056, 36, 156, 84, 10, '2021-12-20 01:57:46', '2021-12-20 01:57:46'),
(1057, 36, 156, 85, 10, '2021-12-20 01:57:46', '2021-12-20 01:57:46'),
(1058, 36, 156, 86, 4, '2021-12-20 01:57:46', '2021-12-20 01:57:46'),
(1059, 36, 156, 87, 5, '2021-12-20 01:57:46', '2021-12-20 01:57:46'),
(1060, 36, 156, 88, 6, '2021-12-20 01:57:46', '2021-12-20 01:57:46'),
(1061, 36, 156, 89, 7, '2021-12-20 01:57:46', '2021-12-20 01:57:46'),
(1062, 36, 156, 90, 8, '2021-12-20 01:57:46', '2021-12-20 01:57:46'),
(1063, 36, 156, 91, 9, '2021-12-20 01:57:46', '2021-12-20 01:57:46'),
(1064, 36, 156, 92, 10, '2021-12-20 01:57:46', '2021-12-20 01:57:46'),
(1065, 36, 156, 93, 10, '2021-12-20 01:57:46', '2021-12-20 01:57:46'),
(1066, 36, 156, 94, 10, '2021-12-20 01:57:46', '2021-12-20 01:57:46'),
(1067, 36, 156, 95, 4, '2021-12-20 01:57:46', '2021-12-20 01:57:46'),
(1068, 36, 156, 96, 4, '2021-12-20 01:57:46', '2021-12-20 01:57:46'),
(1069, 36, 156, 97, 4, '2021-12-20 01:57:46', '2021-12-20 01:57:46'),
(1070, 36, 156, 98, 4, '2021-12-20 01:57:46', '2021-12-20 01:57:46'),
(1071, 36, 156, 99, 4, '2021-12-20 01:57:46', '2021-12-20 01:57:46'),
(1072, 36, 156, 100, 4, '2021-12-20 01:57:46', '2021-12-20 01:57:46'),
(1073, 36, 156, 101, 4, '2021-12-20 01:57:46', '2021-12-20 01:57:46'),
(1074, 36, 156, 102, 4, '2021-12-20 01:57:46', '2021-12-20 01:57:46'),
(1075, 36, 156, 103, 5, '2021-12-20 01:57:46', '2021-12-20 01:57:46'),
(1076, 36, 156, 104, 6, '2021-12-20 01:57:46', '2021-12-20 01:57:46'),
(1077, 36, 156, 105, 7, '2021-12-20 01:57:46', '2021-12-20 01:57:46'),
(1078, 36, 156, 106, 8, '2021-12-20 01:57:46', '2021-12-20 01:57:46'),
(1079, 36, 156, 107, 9, '2021-12-20 01:57:46', '2021-12-20 01:57:46'),
(1080, 36, 156, 108, 10, '2021-12-20 01:57:46', '2021-12-20 01:57:46'),
(1081, 36, 156, 109, 10, '2021-12-20 01:57:46', '2021-12-20 01:57:46'),
(1082, 36, 156, 110, 10, '2021-12-20 01:57:46', '2021-12-20 01:57:46'),
(1083, 36, 156, 111, 4, '2021-12-20 01:57:46', '2021-12-20 01:57:46'),
(1084, 36, 156, 112, 5, '2021-12-20 01:57:46', '2021-12-20 01:57:46'),
(1085, 36, 156, 113, 6, '2021-12-20 01:57:46', '2021-12-20 01:57:46'),
(1086, 36, 156, 114, 7, '2021-12-20 01:57:46', '2021-12-20 01:57:46'),
(1087, 36, 156, 115, 8, '2021-12-20 01:57:46', '2021-12-20 01:57:46'),
(1088, 36, 156, 116, 9, '2021-12-20 01:57:46', '2021-12-20 01:57:46'),
(1089, 36, 156, 117, 10, '2021-12-20 01:57:46', '2021-12-20 01:57:46'),
(1090, 36, 156, 118, 10, '2021-12-20 01:57:46', '2021-12-20 01:57:46'),
(1091, 36, 156, 119, 10, '2021-12-20 01:57:46', '2021-12-20 01:57:46'),
(1092, 36, 156, 120, 4, '2021-12-20 01:57:46', '2021-12-20 01:57:46'),
(1093, 36, 156, 121, 5, '2021-12-20 01:57:46', '2021-12-20 01:57:46'),
(1094, 36, 156, 122, 6, '2021-12-20 01:57:46', '2021-12-20 01:57:46'),
(1095, 36, 156, 123, 7, '2021-12-20 01:57:46', '2021-12-20 01:57:46'),
(1096, 36, 156, 124, 8, '2021-12-20 01:57:46', '2021-12-20 01:57:46'),
(1097, 36, 156, 125, 9, '2021-12-20 01:57:46', '2021-12-20 01:57:46'),
(1098, 36, 156, 126, 10, '2021-12-20 01:57:46', '2021-12-20 01:57:46'),
(1099, 36, 156, 127, 10, '2021-12-20 01:57:46', '2021-12-20 01:57:46'),
(1100, 36, 156, 128, 10, '2021-12-20 01:57:46', '2021-12-20 01:57:46'),
(1101, 36, 156, 129, 4, '2021-12-20 01:57:46', '2021-12-20 01:57:46'),
(1102, 36, 156, 130, 5, '2021-12-20 01:57:46', '2021-12-20 01:57:46'),
(1103, 36, 156, 131, 6, '2021-12-20 01:57:46', '2021-12-20 01:57:46'),
(1104, 36, 156, 132, 7, '2021-12-20 01:57:46', '2021-12-20 01:57:46'),
(1105, 36, 156, 133, 8, '2021-12-20 01:57:46', '2021-12-20 01:57:46'),
(1106, 36, 156, 134, 9, '2021-12-20 01:57:46', '2021-12-20 01:57:46'),
(1107, 36, 156, 135, 10, '2021-12-20 01:57:46', '2021-12-20 01:57:46'),
(1108, 36, 156, 136, 10, '2021-12-20 01:57:47', '2021-12-20 01:57:47'),
(1109, 36, 156, 137, 10, '2021-12-20 01:57:47', '2021-12-20 01:57:47'),
(1110, 36, 156, 138, 4, '2021-12-20 01:57:47', '2021-12-20 01:57:47'),
(1111, 36, 156, 139, 5, '2021-12-20 01:57:47', '2021-12-20 01:57:47'),
(1112, 36, 156, 140, 6, '2021-12-20 01:57:47', '2021-12-20 01:57:47'),
(1113, 36, 156, 141, 7, '2021-12-20 01:57:47', '2021-12-20 01:57:47'),
(1114, 36, 156, 142, 8, '2021-12-20 01:57:47', '2021-12-20 01:57:47'),
(1115, 36, 156, 143, 9, '2021-12-20 01:57:47', '2021-12-20 01:57:47'),
(1116, 36, 156, 144, 10, '2021-12-20 01:57:47', '2021-12-20 01:57:47'),
(1117, 36, 156, 145, 10, '2021-12-20 01:57:47', '2021-12-20 01:57:47'),
(1118, 36, 156, 146, 10, '2021-12-20 01:57:47', '2021-12-20 01:57:47'),
(1119, 36, 156, 147, 4, '2021-12-20 01:57:47', '2021-12-20 01:57:47'),
(1120, 36, 156, 148, 5, '2021-12-20 01:57:47', '2021-12-20 01:57:47'),
(1121, 36, 156, 149, 6, '2021-12-20 01:57:47', '2021-12-20 01:57:47'),
(1122, 36, 156, 150, 7, '2021-12-20 01:57:47', '2021-12-20 01:57:47'),
(1123, 36, 156, 151, 8, '2021-12-20 01:57:47', '2021-12-20 01:57:47'),
(1124, 36, 156, 152, 9, '2021-12-20 01:57:47', '2021-12-20 01:57:47'),
(1125, 36, 156, 153, 10, '2021-12-20 01:57:47', '2021-12-20 01:57:47'),
(1126, 36, 156, 154, 10, '2021-12-20 01:57:47', '2021-12-20 01:57:47'),
(1127, 36, 156, 155, 10, '2021-12-20 01:57:47', '2021-12-20 01:57:47'),
(1128, 36, 156, 156, 4, '2021-12-20 01:57:47', '2021-12-20 01:57:47'),
(1129, 36, 156, 157, 4, '2021-12-20 01:57:47', '2021-12-20 01:57:47'),
(1130, 36, 156, 158, 4, '2021-12-20 01:57:47', '2021-12-20 01:57:47'),
(1131, 36, 156, 159, 4, '2021-12-20 01:57:47', '2021-12-20 01:57:47'),
(1132, 36, 156, 160, 4, '2021-12-20 01:57:47', '2021-12-20 01:57:47'),
(1133, 36, 156, 161, 4, '2021-12-20 01:57:47', '2021-12-20 01:57:47'),
(1134, 36, 156, 162, 4, '2021-12-20 01:57:47', '2021-12-20 01:57:47'),
(1135, 36, 156, 163, 4, '2021-12-20 01:57:47', '2021-12-20 01:57:47'),
(1136, 36, 156, 164, 5, '2021-12-20 01:57:47', '2021-12-20 01:57:47'),
(1137, 36, 156, 165, 6, '2021-12-20 01:57:47', '2021-12-20 01:57:47'),
(1138, 36, 156, 166, 7, '2021-12-20 01:57:47', '2021-12-20 01:57:47'),
(1139, 36, 156, 167, 8, '2021-12-20 01:57:47', '2021-12-20 01:57:47'),
(1140, 36, 156, 168, 9, '2021-12-20 01:57:47', '2021-12-20 01:57:47'),
(1141, 36, 156, 169, 10, '2021-12-20 01:57:47', '2021-12-20 01:57:47'),
(1142, 36, 156, 170, 10, '2021-12-20 01:57:47', '2021-12-20 01:57:47'),
(1143, 36, 156, 171, 10, '2021-12-20 01:57:47', '2021-12-20 01:57:47'),
(1144, 36, 156, 172, 4, '2021-12-20 01:57:47', '2021-12-20 01:57:47'),
(1145, 36, 156, 173, 5, '2021-12-20 01:57:47', '2021-12-20 01:57:47'),
(1146, 36, 156, 174, 6, '2021-12-20 01:57:47', '2021-12-20 01:57:47'),
(1147, 36, 156, 175, 7, '2021-12-20 01:57:47', '2021-12-20 01:57:47'),
(1148, 36, 156, 176, 8, '2021-12-20 01:57:47', '2021-12-20 01:57:47'),
(1149, 36, 156, 177, 9, '2021-12-20 01:57:47', '2021-12-20 01:57:47'),
(1150, 36, 156, 178, 10, '2021-12-20 01:57:47', '2021-12-20 01:57:47'),
(1151, 36, 156, 179, 10, '2021-12-20 01:57:47', '2021-12-20 01:57:47'),
(1152, 36, 156, 180, 10, '2021-12-20 01:57:47', '2021-12-20 01:57:47'),
(1153, 36, 156, 181, 4, '2021-12-20 01:57:47', '2021-12-20 01:57:47'),
(1154, 36, 156, 182, 5, '2021-12-20 01:57:47', '2021-12-20 01:57:47'),
(1155, 36, 156, 183, 6, '2021-12-20 01:57:47', '2021-12-20 01:57:47'),
(1156, 36, 156, 184, 7, '2021-12-20 01:57:47', '2021-12-20 01:57:47'),
(1157, 36, 156, 185, 8, '2021-12-20 01:57:47', '2021-12-20 01:57:47'),
(1158, 36, 156, 186, 9, '2021-12-20 01:57:47', '2021-12-20 01:57:47'),
(1159, 36, 156, 187, 10, '2021-12-20 01:57:47', '2021-12-20 01:57:47'),
(1160, 36, 156, 188, 10, '2021-12-20 01:57:47', '2021-12-20 01:57:47'),
(1161, 36, 156, 189, 10, '2021-12-20 01:57:47', '2021-12-20 01:57:47'),
(1162, 36, 156, 190, 4, '2021-12-20 01:57:47', '2021-12-20 01:57:47'),
(1163, 36, 156, 191, 5, '2021-12-20 01:57:47', '2021-12-20 01:57:47'),
(1164, 36, 156, 192, 6, '2021-12-20 01:57:47', '2021-12-20 01:57:47'),
(1165, 36, 156, 193, 7, '2021-12-20 01:57:47', '2021-12-20 01:57:47'),
(1166, 36, 156, 194, 8, '2021-12-20 01:57:47', '2021-12-20 01:57:47'),
(1167, 36, 156, 195, 9, '2021-12-20 01:57:47', '2021-12-20 01:57:47'),
(1168, 36, 156, 196, 10, '2021-12-20 01:57:47', '2021-12-20 01:57:47'),
(1169, 36, 156, 197, 10, '2021-12-20 01:57:47', '2021-12-20 01:57:47'),
(1170, 36, 156, 198, 10, '2021-12-20 01:57:47', '2021-12-20 01:57:47'),
(1171, 36, 156, 199, 4, '2021-12-20 01:57:47', '2021-12-20 01:57:47'),
(1172, 36, 156, 200, 5, '2021-12-20 01:57:47', '2021-12-20 01:57:47'),
(1173, 36, 156, 201, 6, '2021-12-20 01:57:47', '2021-12-20 01:57:47'),
(1174, 36, 156, 202, 7, '2021-12-20 01:57:47', '2021-12-20 01:57:47'),
(1175, 36, 156, 203, 8, '2021-12-20 01:57:47', '2021-12-20 01:57:47'),
(1176, 36, 156, 204, 9, '2021-12-20 01:57:47', '2021-12-20 01:57:47'),
(1177, 36, 156, 205, 10, '2021-12-20 01:57:47', '2021-12-20 01:57:47'),
(1178, 36, 156, 206, 10, '2021-12-20 01:57:47', '2021-12-20 01:57:47'),
(1179, 36, 156, 207, 10, '2021-12-20 01:57:47', '2021-12-20 01:57:47'),
(1180, 36, 156, 208, 4, '2021-12-20 01:57:47', '2021-12-20 01:57:47'),
(1181, 36, 156, 209, 5, '2021-12-20 01:57:47', '2021-12-20 01:57:47'),
(1182, 36, 156, 210, 6, '2021-12-20 01:57:47', '2021-12-20 01:57:47'),
(1183, 36, 156, 211, 7, '2021-12-20 01:57:47', '2021-12-20 01:57:47'),
(1184, 36, 156, 212, 8, '2021-12-20 01:57:47', '2021-12-20 01:57:47'),
(1185, 36, 156, 213, 9, '2021-12-20 01:57:47', '2021-12-20 01:57:47'),
(1186, 36, 156, 214, 10, '2021-12-20 01:57:47', '2021-12-20 01:57:47'),
(1187, 36, 156, 215, 10, '2021-12-20 01:57:47', '2021-12-20 01:57:47'),
(1188, 36, 156, 216, 10, '2021-12-20 01:57:47', '2021-12-20 01:57:47'),
(1189, 36, 156, 217, 4, '2021-12-20 01:57:47', '2021-12-20 01:57:47'),
(1190, 36, 156, 218, 4, '2021-12-20 01:57:47', '2021-12-20 01:57:47'),
(1191, 36, 156, 219, 4, '2021-12-20 01:57:47', '2021-12-20 01:57:47'),
(1192, 36, 156, 220, 4, '2021-12-20 01:57:47', '2021-12-20 01:57:47'),
(1193, 36, 156, 221, 4, '2021-12-20 01:57:47', '2021-12-20 01:57:47'),
(1194, 36, 156, 222, 4, '2021-12-20 01:57:47', '2021-12-20 01:57:47'),
(1195, 36, 156, 223, 4, '2021-12-20 01:57:47', '2021-12-20 01:57:47'),
(1196, 36, 156, 224, 4, '2021-12-20 01:57:47', '2021-12-20 01:57:47'),
(1197, 36, 156, 225, 5, '2021-12-20 01:57:47', '2021-12-20 01:57:47'),
(1198, 36, 156, 226, 6, '2021-12-20 01:57:47', '2021-12-20 01:57:47'),
(1199, 36, 156, 227, 7, '2021-12-20 01:57:47', '2021-12-20 01:57:47'),
(1200, 36, 156, 228, 8, '2021-12-20 01:57:47', '2021-12-20 01:57:47'),
(1201, 36, 156, 229, 9, '2021-12-20 01:57:47', '2021-12-20 01:57:47'),
(1202, 36, 156, 230, 10, '2021-12-20 01:57:47', '2021-12-20 01:57:47'),
(1203, 36, 156, 231, 10, '2021-12-20 01:57:47', '2021-12-20 01:57:47'),
(1204, 36, 156, 232, 10, '2021-12-20 01:57:47', '2021-12-20 01:57:47'),
(1205, 36, 156, 233, 4, '2021-12-20 01:57:47', '2021-12-20 01:57:47'),
(1206, 36, 156, 234, 5, '2021-12-20 01:57:47', '2021-12-20 01:57:47'),
(1207, 36, 156, 235, 6, '2021-12-20 01:57:47', '2021-12-20 01:57:47'),
(1208, 36, 156, 236, 7, '2021-12-20 01:57:47', '2021-12-20 01:57:47'),
(1209, 36, 156, 237, 8, '2021-12-20 01:57:47', '2021-12-20 01:57:47'),
(1210, 36, 156, 238, 9, '2021-12-20 01:57:47', '2021-12-20 01:57:47'),
(1211, 36, 156, 239, 10, '2021-12-20 01:57:47', '2021-12-20 01:57:47'),
(1212, 36, 156, 240, 10, '2021-12-20 01:57:47', '2021-12-20 01:57:47'),
(1213, 36, 156, 241, 10, '2021-12-20 01:57:47', '2021-12-20 01:57:47'),
(1214, 36, 156, 242, 4, '2021-12-20 01:57:47', '2021-12-20 01:57:47'),
(1215, 36, 156, 243, 5, '2021-12-20 01:57:47', '2021-12-20 01:57:47'),
(1216, 36, 156, 244, 6, '2021-12-20 01:57:47', '2021-12-20 01:57:47'),
(1217, 36, 156, 245, 7, '2021-12-20 01:57:47', '2021-12-20 01:57:47'),
(1218, 36, 156, 246, 8, '2021-12-20 01:57:47', '2021-12-20 01:57:47'),
(1219, 36, 156, 247, 9, '2021-12-20 01:57:47', '2021-12-20 01:57:47'),
(1220, 36, 156, 248, 10, '2021-12-20 01:57:47', '2021-12-20 01:57:47'),
(1221, 36, 156, 249, 10, '2021-12-20 01:57:47', '2021-12-20 01:57:47'),
(1222, 36, 156, 250, 10, '2021-12-20 01:57:47', '2021-12-20 01:57:47'),
(1223, 36, 156, 251, 4, '2021-12-20 01:57:47', '2021-12-20 01:57:47'),
(1224, 36, 156, 252, 4, '2021-12-20 01:57:47', '2021-12-20 01:57:47'),
(1225, 36, 156, 253, 4, '2021-12-20 01:57:47', '2021-12-20 01:57:47'),
(1226, 36, 156, 254, 4, '2021-12-20 01:57:47', '2021-12-20 01:57:47'),
(1227, 36, 156, 255, 4, '2021-12-20 01:57:47', '2021-12-20 01:57:47'),
(1229, 38, 156, 1, 4, '2021-12-20 01:59:41', '2021-12-20 01:59:41'),
(1230, 39, 315, 1, 11, '2021-12-20 02:00:44', '2021-12-20 02:00:44'),
(1231, 40, 315, 1, 12, '2021-12-20 02:00:58', '2021-12-20 02:00:58'),
(1232, 41, 315, 1, 11, '2021-12-20 02:01:44', '2021-12-20 02:01:44'),
(1233, 41, 315, 2, 12, '2021-12-20 02:01:44', '2021-12-20 02:01:44'),
(1234, 41, 315, 3, 13, '2021-12-20 02:01:44', '2021-12-20 02:01:44'),
(1235, 41, 315, 4, 11, '2021-12-20 02:01:44', '2021-12-20 02:01:44'),
(1236, 41, 315, 5, 12, '2021-12-20 02:01:44', '2021-12-20 02:01:44'),
(1237, 41, 315, 6, 13, '2021-12-20 02:01:44', '2021-12-20 02:01:44'),
(1238, 41, 315, 7, 11, '2021-12-20 02:01:44', '2021-12-20 02:01:44'),
(1239, 41, 315, 8, 12, '2021-12-20 02:01:44', '2021-12-20 02:01:44'),
(1240, 41, 315, 9, 13, '2021-12-20 02:01:44', '2021-12-20 02:01:44'),
(1241, 41, 315, 10, 11, '2021-12-20 02:01:44', '2021-12-20 02:01:44'),
(1242, 41, 315, 11, 12, '2021-12-20 02:01:44', '2021-12-20 02:01:44'),
(1243, 41, 315, 12, 13, '2021-12-20 02:01:44', '2021-12-20 02:01:44'),
(1244, 41, 315, 13, 11, '2021-12-20 02:01:44', '2021-12-20 02:01:44'),
(1245, 41, 315, 14, 12, '2021-12-20 02:01:44', '2021-12-20 02:01:44'),
(1246, 41, 315, 15, 13, '2021-12-20 02:01:44', '2021-12-20 02:01:44'),
(1247, 42, 315, 1, 11, '2021-12-20 02:03:51', '2021-12-20 02:03:51'),
(1248, 42, 315, 2, 12, '2021-12-20 02:03:51', '2021-12-20 02:03:51'),
(1249, 42, 315, 3, 13, '2021-12-20 02:03:51', '2021-12-20 02:03:51'),
(1250, 42, 315, 4, 11, '2021-12-20 02:03:51', '2021-12-20 02:03:51'),
(1251, 42, 315, 5, 12, '2021-12-20 02:03:51', '2021-12-20 02:03:51'),
(1252, 42, 315, 6, 13, '2021-12-20 02:03:51', '2021-12-20 02:03:51'),
(1253, 42, 315, 7, 11, '2021-12-20 02:03:51', '2021-12-20 02:03:51'),
(1254, 42, 315, 8, 12, '2021-12-20 02:03:51', '2021-12-20 02:03:51'),
(1255, 42, 315, 9, 13, '2021-12-20 02:03:51', '2021-12-20 02:03:51'),
(1256, 42, 315, 10, 11, '2021-12-20 02:03:51', '2021-12-20 02:03:51'),
(1257, 42, 315, 11, 12, '2021-12-20 02:03:51', '2021-12-20 02:03:51'),
(1258, 42, 315, 12, 13, '2021-12-20 02:03:51', '2021-12-20 02:03:51'),
(1259, 42, 315, 13, 11, '2021-12-20 02:03:51', '2021-12-20 02:03:51'),
(1260, 42, 315, 14, 12, '2021-12-20 02:03:51', '2021-12-20 02:03:51'),
(1261, 42, 315, 15, 13, '2021-12-20 02:03:51', '2021-12-20 02:03:51'),
(1262, 43, 311, 1, 11, '2021-12-20 02:35:26', '2021-12-20 02:35:26'),
(1263, 43, 311, 2, 12, '2021-12-20 02:35:26', '2021-12-20 02:35:26'),
(1264, 43, 311, 3, 13, '2021-12-20 02:35:26', '2021-12-20 02:35:26'),
(1265, 43, 311, 4, 11, '2021-12-20 02:35:26', '2021-12-20 02:35:26'),
(1266, 43, 311, 5, 12, '2021-12-20 02:35:26', '2021-12-20 02:35:26'),
(1267, 43, 311, 6, 13, '2021-12-20 02:35:26', '2021-12-20 02:35:26'),
(1268, 43, 311, 7, 11, '2021-12-20 02:35:26', '2021-12-20 02:35:26'),
(1269, 43, 311, 8, 12, '2021-12-20 02:35:26', '2021-12-20 02:35:26'),
(1270, 43, 311, 9, 13, '2021-12-20 02:35:26', '2021-12-20 02:35:26'),
(1271, 43, 311, 10, 11, '2021-12-20 02:35:26', '2021-12-20 02:35:26'),
(1272, 43, 311, 11, 12, '2021-12-20 02:35:26', '2021-12-20 02:35:26'),
(1273, 43, 311, 12, 13, '2021-12-20 02:35:26', '2021-12-20 02:35:26'),
(1274, 43, 311, 13, 11, '2021-12-20 02:35:26', '2021-12-20 02:35:26'),
(1275, 43, 311, 14, 12, '2021-12-20 02:35:26', '2021-12-20 02:35:26'),
(1276, 43, 311, 15, 13, '2021-12-20 02:35:26', '2021-12-20 02:35:26'),
(1277, 44, 465, 1, 11, '2021-12-20 02:48:34', '2021-12-20 02:48:34'),
(1278, 44, 465, 2, 12, '2021-12-20 02:48:34', '2021-12-20 02:48:34'),
(1279, 44, 465, 3, 13, '2021-12-20 02:48:34', '2021-12-20 02:48:34');

-- --------------------------------------------------------

--
-- Table structure for table `categories`
--

CREATE TABLE `categories` (
  `id` bigint(20) UNSIGNED NOT NULL,
  `cat_name` varchar(255) COLLATE utf8mb4_unicode_ci NOT NULL,
  `cat_color` varchar(255) COLLATE utf8mb4_unicode_ci NOT NULL,
  `created_at` timestamp NULL DEFAULT NULL,
  `updated_at` timestamp NULL DEFAULT NULL
) ENGINE=InnoDB DEFAULT CHARSET=utf8mb4 COLLATE=utf8mb4_unicode_ci;

--
-- Dumping data for table `categories`
--

INSERT INTO `categories` (`id`, `cat_name`, `cat_color`, `created_at`, `updated_at`) VALUES
(1, 'NENE', '#eb1a5f', '2021-12-17 05:08:26', '2021-12-17 05:08:26'),
(2, 'PHILIP', '#1d1aeb', '2021-12-17 05:08:46', '2021-12-17 05:08:46'),
(3, 'ERIC', '#23db32', '2021-12-17 05:09:22', '2021-12-17 05:09:22');

-- --------------------------------------------------------

--
-- Table structure for table `database__names`
--

CREATE TABLE `database__names` (
  `id` bigint(20) UNSIGNED NOT NULL,
  `db_name` varchar(255) COLLATE utf8mb4_unicode_ci NOT NULL,
  `category_id` bigint(20) UNSIGNED NOT NULL,
  `created_at` timestamp NULL DEFAULT NULL,
  `updated_at` timestamp NULL DEFAULT NULL
) ENGINE=InnoDB DEFAULT CHARSET=utf8mb4 COLLATE=utf8mb4_unicode_ci;

--
-- Dumping data for table `database__names`
--

INSERT INTO `database__names` (`id`, `db_name`, `category_id`, `created_at`, `updated_at`) VALUES
(1, 'N_Barangay 1', 1, '2021-12-17 05:13:53', '2021-12-17 05:13:53'),
(2, 'N_Barangay 2', 1, '2021-12-17 05:14:17', '2021-12-17 05:14:17'),
(3, 'N_Barangay 3', 1, '2021-12-17 05:14:20', '2021-12-17 05:14:20'),
(4, 'N_Barangay 4', 1, '2021-12-17 05:14:23', '2021-12-17 05:14:23'),
(5, 'N_Barangay 5', 1, '2021-12-17 05:14:25', '2021-12-17 05:14:25'),
(6, 'N_Barangay 6', 1, '2021-12-17 05:14:28', '2021-12-17 05:14:28'),
(7, 'N_Barangay 7', 1, '2021-12-17 05:14:31', '2021-12-17 05:14:31'),
(8, 'N_Barangay 8', 1, '2021-12-17 05:14:34', '2021-12-17 05:14:34'),
(9, 'N_Payompon', 1, '2021-12-17 05:14:49', '2021-12-17 05:14:49'),
(10, 'N_Balansay', 1, '2021-12-17 05:15:04', '2021-12-17 05:15:04'),
(11, 'N_Fatima', 1, '2021-12-17 05:15:50', '2021-12-17 05:15:50'),
(12, 'N_SanLuis', 1, '2021-12-17 05:16:07', '2021-12-17 05:16:07'),
(13, 'N_Talabaan', 1, '2021-12-17 05:16:17', '2021-12-17 05:16:17'),
(14, 'N_Tangkalan', 1, '2021-12-17 05:16:26', '2021-12-17 05:16:26'),
(15, 'N_Tayamaan', 1, '2021-12-17 05:16:35', '2021-12-17 05:16:35'),
(16, 'P_Barangay 1', 2, '2021-12-17 05:17:10', '2021-12-17 05:17:10'),
(17, 'P_Barangay 2', 2, '2021-12-17 05:17:52', '2021-12-17 05:17:52'),
(18, 'P_Barangay 3', 2, '2021-12-17 05:17:54', '2021-12-17 05:17:54'),
(19, 'P_Barangay 4', 2, '2021-12-17 05:17:57', '2021-12-17 05:17:57'),
(20, 'P_Barangay 5', 2, '2021-12-17 05:18:00', '2021-12-17 05:18:00'),
(21, 'P_Barangay 6', 2, '2021-12-17 05:18:02', '2021-12-17 05:18:02'),
(22, 'P_Barangay 7', 2, '2021-12-17 05:18:05', '2021-12-17 05:18:05'),
(23, 'P_Barangay 8', 2, '2021-12-17 05:18:07', '2021-12-17 05:18:07'),
(24, 'P_Payompon', 2, '2021-12-17 05:18:24', '2021-12-17 05:18:24'),
(25, 'P_Balansay', 2, '2021-12-17 05:19:13', '2021-12-17 05:19:13'),
(26, 'P_Fatima', 2, '2021-12-17 05:19:24', '2021-12-17 05:19:24'),
(27, 'P_SanLuis', 2, '2021-12-17 05:19:31', '2021-12-17 05:19:31'),
(28, 'P_Talabaan', 2, '2021-12-17 05:19:41', '2021-12-17 05:19:41'),
(29, 'P_Tangkalan', 2, '2021-12-17 05:19:50', '2021-12-17 05:19:50'),
(30, 'P_Tayamaan', 2, '2021-12-17 05:19:58', '2021-12-17 05:19:58'),
(31, 'E_Barangay 1', 3, '2021-12-17 05:21:17', '2021-12-17 05:21:17'),
(32, 'E_Barangay 2', 3, '2021-12-17 05:23:20', '2021-12-17 05:23:20'),
(33, 'E_Barangay 3', 3, '2021-12-17 05:27:37', '2021-12-17 05:27:37'),
(34, 'E_Barangay 4', 3, '2021-12-17 05:27:54', '2021-12-17 05:27:54'),
(35, 'E_Barangay 5', 3, '2021-12-17 05:27:57', '2021-12-17 05:27:57'),
(36, 'E_Barangay 6', 3, '2021-12-17 05:28:00', '2021-12-17 05:28:00'),
(37, 'E_Barangay 7', 3, '2021-12-17 05:28:02', '2021-12-17 05:28:02'),
(38, 'E_Barangay 8', 3, '2021-12-17 05:28:05', '2021-12-17 05:28:05'),
(39, 'E_Payompon', 3, '2021-12-17 05:28:20', '2021-12-17 05:28:20'),
(40, 'E_Balansay', 3, '2021-12-17 05:28:34', '2021-12-17 05:28:34'),
(41, 'E_Fatima', 3, '2021-12-17 05:28:44', '2021-12-17 05:28:44'),
(42, 'E_SanLuis', 3, '2021-12-17 05:28:52', '2021-12-17 05:28:52'),
(43, 'E_Talabaan', 3, '2021-12-17 05:29:00', '2021-12-17 05:29:00'),
(44, 'E_Tangkalan', 3, '2021-12-17 05:29:08', '2021-12-17 05:29:08'),
(45, 'E_Tayamaan', 3, '2021-12-17 05:29:15', '2021-12-17 05:29:15');

-- --------------------------------------------------------

--
-- Table structure for table `migrations`
--

CREATE TABLE `migrations` (
  `id` int(10) UNSIGNED NOT NULL,
  `migration` varchar(255) COLLATE utf8mb4_unicode_ci NOT NULL,
  `batch` int(11) NOT NULL
) ENGINE=InnoDB DEFAULT CHARSET=utf8mb4 COLLATE=utf8mb4_unicode_ci;

--
-- Dumping data for table `migrations`
--

INSERT INTO `migrations` (`id`, `migration`, `batch`) VALUES
(1, '2019_12_14_000001_create_personal_access_tokens_table', 1),
(2, '2021_12_15_182930_create_categories_table', 1),
(3, '2021_12_15_183401_create_database__names_table', 1),
(4, '2021_12_15_183507_create_users_table', 1),
(5, '2021_12_15_183826_create_m_c_q_s_table', 1),
(6, '2021_12_16_060719_create_surveys_table', 1),
(7, '2021_12_16_060903_create_answers_table', 1);

-- --------------------------------------------------------

--
-- Table structure for table `m_c_q_s`
--

CREATE TABLE `m_c_q_s` (
  `id` bigint(20) UNSIGNED NOT NULL,
  `mcq` char(1) COLLATE utf8mb4_unicode_ci NOT NULL,
  `category_id` bigint(20) UNSIGNED NOT NULL,
  `created_at` timestamp NULL DEFAULT NULL,
  `updated_at` timestamp NULL DEFAULT NULL
) ENGINE=InnoDB DEFAULT CHARSET=utf8mb4 COLLATE=utf8mb4_unicode_ci;

--
-- Dumping data for table `m_c_q_s`
--

INSERT INTO `m_c_q_s` (`id`, `mcq`, `category_id`, `created_at`, `updated_at`) VALUES
(1, 'N', 1, '2021-12-17 05:10:13', '2021-12-17 05:10:13'),
(2, 'G', 1, '2021-12-17 05:10:16', '2021-12-17 05:10:16'),
(3, 'U', 1, '2021-12-17 05:10:18', '2021-12-17 05:10:18'),
(4, 'P', 2, '2021-12-17 05:11:08', '2021-12-17 05:11:08'),
(5, 'T', 2, '2021-12-17 05:11:11', '2021-12-17 05:11:11'),
(6, 'A', 2, '2021-12-17 05:11:14', '2021-12-17 05:11:14'),
(7, 'L', 2, '2021-12-17 05:11:18', '2021-12-17 05:11:18'),
(8, 'M', 2, '2021-12-17 05:11:21', '2021-12-17 05:11:21'),
(9, 'V', 2, '2021-12-17 05:11:24', '2021-12-17 05:11:24'),
(10, 'U', 2, '2021-12-17 05:11:27', '2021-12-17 05:11:27'),
(11, 'E', 3, '2021-12-17 05:11:46', '2021-12-17 05:11:46'),
(12, 'D', 3, '2021-12-17 05:11:49', '2021-12-17 05:11:49'),
(13, 'U', 3, '2021-12-17 05:11:52', '2021-12-17 05:11:52');

-- --------------------------------------------------------

--
-- Table structure for table `personal_access_tokens`
--

CREATE TABLE `personal_access_tokens` (
  `id` bigint(20) UNSIGNED NOT NULL,
  `tokenable_type` varchar(255) COLLATE utf8mb4_unicode_ci NOT NULL,
  `tokenable_id` bigint(20) UNSIGNED NOT NULL,
  `name` varchar(255) COLLATE utf8mb4_unicode_ci NOT NULL,
  `token` varchar(64) COLLATE utf8mb4_unicode_ci NOT NULL,
  `abilities` text COLLATE utf8mb4_unicode_ci DEFAULT NULL,
  `last_used_at` timestamp NULL DEFAULT NULL,
  `created_at` timestamp NULL DEFAULT NULL,
  `updated_at` timestamp NULL DEFAULT NULL
) ENGINE=InnoDB DEFAULT CHARSET=utf8mb4 COLLATE=utf8mb4_unicode_ci;

-- --------------------------------------------------------

--
-- Table structure for table `surveys`
--

CREATE TABLE `surveys` (
  `id` bigint(20) UNSIGNED NOT NULL,
  `status` varchar(255) COLLATE utf8mb4_unicode_ci NOT NULL,
  `created_at` timestamp NULL DEFAULT NULL,
  `updated_at` timestamp NULL DEFAULT NULL
) ENGINE=InnoDB DEFAULT CHARSET=utf8mb4 COLLATE=utf8mb4_unicode_ci;

--
-- Dumping data for table `surveys`
--

INSERT INTO `surveys` (`id`, `status`, `created_at`, `updated_at`) VALUES
(21, 'done', '2021-12-19 04:33:37', '2021-12-19 04:33:37'),
(22, 'done', '2021-12-19 04:34:42', '2021-12-19 04:34:42'),
(23, 'done', '2021-12-19 04:35:33', '2021-12-19 04:35:33'),
(24, 'done', '2021-12-19 04:37:25', '2021-12-19 04:37:25'),
(25, 'done', '2021-12-19 04:38:32', '2021-12-19 04:38:32'),
(26, 'done', '2021-12-19 04:40:46', '2021-12-19 04:40:46'),
(27, 'done', '2021-12-19 04:43:25', '2021-12-19 04:43:25'),
(29, 'done', '2021-12-19 04:50:24', '2021-12-19 04:50:24'),
(30, 'done', '2021-12-19 05:17:14', '2021-12-19 05:17:14'),
(31, 'done', '2021-12-19 05:18:43', '2021-12-19 05:18:43'),
(32, 'done', '2021-12-19 05:19:54', '2021-12-19 05:19:54'),
(33, 'done', '2021-12-19 05:20:25', '2021-12-19 05:20:25'),
(34, 'done', '2021-12-20 01:23:46', '2021-12-20 01:23:46'),
(35, 'done', '2021-12-20 01:57:11', '2021-12-20 01:57:11'),
(36, 'done', '2021-12-20 01:57:46', '2021-12-20 01:57:46'),
(38, 'done', '2021-12-20 01:59:41', '2021-12-20 01:59:41'),
(39, 'done', '2021-12-20 02:00:44', '2021-12-20 02:00:44'),
(40, 'done', '2021-12-20 02:00:58', '2021-12-20 02:00:58'),
(41, 'done', '2021-12-20 02:01:44', '2021-12-20 02:01:44'),
(42, 'done', '2021-12-20 02:03:51', '2021-12-20 02:03:51'),
(43, 'done', '2021-12-20 02:35:26', '2021-12-20 02:35:26'),
(44, 'done', '2021-12-20 02:48:34', '2021-12-20 02:48:34');

-- --------------------------------------------------------

--
-- Table structure for table `users`
--

CREATE TABLE `users` (
  `id` bigint(20) UNSIGNED NOT NULL,
  `pass_word` varchar(255) COLLATE utf8mb4_unicode_ci NOT NULL,
  `table_name` varchar(255) COLLATE utf8mb4_unicode_ci NOT NULL,
  `database__name_id` bigint(20) UNSIGNED NOT NULL,
  `created_at` timestamp NULL DEFAULT NULL,
  `updated_at` timestamp NULL DEFAULT NULL
) ENGINE=InnoDB DEFAULT CHARSET=utf8mb4 COLLATE=utf8mb4_unicode_ci;

--
-- Dumping data for table `users`
--

INSERT INTO `users` (`id`, `pass_word`, `table_name`, `database__name_id`, `created_at`, `updated_at`) VALUES
(1, 'NPassword1', 'N-0001A', 1, '2021-12-17 05:35:50', '2021-12-17 05:35:50'),
(2, 'NPassword2', 'N-0002A', 1, '2021-12-17 05:36:30', '2021-12-17 05:36:30'),
(3, 'NPassword3', 'N-0003A', 2, '2021-12-17 05:46:25', '2021-12-17 05:46:25'),
(4, 'NPassword4', 'N-0003B', 2, '2021-12-17 05:46:25', '2021-12-17 05:46:25'),
(5, 'NPassword5', 'N-0004A', 2, '2021-12-17 05:46:25', '2021-12-17 05:46:25'),
(6, 'NPassword6', 'N-0004B', 2, '2021-12-17 05:46:25', '2021-12-17 05:46:25'),
(7, 'NPassword7', 'N-0005A', 2, '2021-12-17 05:46:25', '2021-12-17 05:46:25'),
(8, 'NPassword8', 'N-0005B', 2, '2021-12-17 05:46:25', '2021-12-17 05:46:25'),
(9, 'NPassword9', 'N-0006A', 2, '2021-12-17 05:46:25', '2021-12-17 05:46:25'),
(10, 'NPassword10', 'N-0006B', 2, '2021-12-17 05:46:25', '2021-12-17 05:46:25'),
(11, 'NPassword11', 'N-0007A', 2, '2021-12-17 05:46:25', '2021-12-17 05:46:25'),
(12, 'NPassword12', 'N-0008A', 3, '2021-12-17 05:46:25', '2021-12-17 05:46:25'),
(13, 'NPassword13', 'N-0009A', 3, '2021-12-17 05:46:25', '2021-12-17 05:46:25'),
(14, 'NPassword14', 'N-0009P1', 3, '2021-12-17 05:46:25', '2021-12-17 05:46:25'),
(15, 'NPassword15', 'N-00010A', 4, '2021-12-17 05:46:25', '2021-12-17 05:46:25'),
(16, 'NPassword16', 'N-00011A', 4, '2021-12-17 05:46:25', '2021-12-17 05:46:25'),
(17, 'NPassword17', 'N-00012A', 4, '2021-12-17 05:46:25', '2021-12-17 05:46:25'),
(18, 'NPassword18', 'N-00013A', 4, '2021-12-17 05:46:25', '2021-12-17 05:46:25'),
(19, 'NPassword19', 'N-00014A', 5, '2021-12-17 05:46:25', '2021-12-17 05:46:25'),
(20, 'NPassword20', 'N-00014B', 5, '2021-12-17 05:46:25', '2021-12-17 05:46:25'),
(21, 'NPassword21', 'N-00015A', 5, '2021-12-17 05:46:25', '2021-12-17 05:46:25'),
(22, 'NPassword22', 'N-00015P1', 5, '2021-12-17 05:46:25', '2021-12-17 05:46:25'),
(23, 'NPassword23', 'N-00016A', 6, '2021-12-17 05:46:25', '2021-12-17 05:46:25'),
(24, 'NPassword24', 'N-00016B', 6, '2021-12-17 05:46:25', '2021-12-17 05:46:25'),
(25, 'NPassword25', 'N-00017A', 6, '2021-12-17 05:46:25', '2021-12-17 05:46:25'),
(26, 'NPassword26', 'N-00018A', 6, '2021-12-17 05:46:25', '2021-12-17 05:46:25'),
(27, 'NPassword27', 'N-00019A', 6, '2021-12-17 05:46:25', '2021-12-17 05:46:25'),
(28, 'NPassword28', 'N-00020A', 7, '2021-12-17 05:46:25', '2021-12-17 05:46:25'),
(29, 'NPassword29', 'N-00021A', 7, '2021-12-17 05:46:25', '2021-12-17 05:46:25'),
(30, 'NPassword30', 'N-00022A', 7, '2021-12-17 05:46:25', '2021-12-17 05:46:25'),
(31, 'NPassword31', 'N-00022B', 7, '2021-12-17 05:46:25', '2021-12-17 05:46:25'),
(32, 'NPassword32', 'N-00022C', 7, '2021-12-17 05:46:25', '2021-12-17 05:46:25'),
(33, 'NPassword33', 'N-00022D', 7, '2021-12-17 05:46:25', '2021-12-17 05:46:25'),
(34, 'NPassword34', 'N-00023A', 7, '2021-12-17 05:46:25', '2021-12-17 05:46:25'),
(35, 'NPassword35', 'N-00023B', 7, '2021-12-17 05:46:25', '2021-12-17 05:46:25'),
(36, 'NPassword36', 'N-00024A', 7, '2021-12-17 05:46:25', '2021-12-17 05:46:25'),
(37, 'NPassword37', 'N-00024B', 7, '2021-12-17 05:46:25', '2021-12-17 05:46:25'),
(38, 'NPassword38', 'N-00025A', 8, '2021-12-17 05:46:25', '2021-12-17 05:46:25'),
(39, 'NPassword39', 'N-00025B', 8, '2021-12-17 05:46:25', '2021-12-17 05:46:25'),
(40, 'NPassword40', 'N-00026A', 8, '2021-12-17 05:46:25', '2021-12-17 05:46:25'),
(41, 'NPassword41', 'N-00026B', 8, '2021-12-17 05:46:25', '2021-12-17 05:46:25'),
(42, 'NPassword42', 'N-00027A', 8, '2021-12-17 05:46:25', '2021-12-17 05:46:25'),
(43, 'NPassword43', 'N-00028A', 9, '2021-12-17 05:46:25', '2021-12-17 05:46:25'),
(44, 'NPassword44', 'N-00028B', 9, '2021-12-17 05:46:25', '2021-12-17 05:46:25'),
(45, 'NPassword45', 'N-00029A', 9, '2021-12-17 05:46:25', '2021-12-17 05:46:25'),
(46, 'NPassword46', 'N-00029B', 9, '2021-12-17 05:46:25', '2021-12-17 05:46:25'),
(47, 'NPassword47', 'N-00029C', 9, '2021-12-17 05:46:25', '2021-12-17 05:46:25'),
(48, 'NPassword48', 'N-00030A', 9, '2021-12-17 05:46:25', '2021-12-17 05:46:25'),
(49, 'NPassword49', 'N-00031A', 9, '2021-12-17 05:46:25', '2021-12-17 05:46:25'),
(50, 'NPassword50', 'N-00032A', 9, '2021-12-17 05:46:25', '2021-12-17 05:46:25'),
(51, 'NPassword51', 'N-00033A', 9, '2021-12-17 05:46:25', '2021-12-17 05:46:25'),
(52, 'NPassword52', 'N-00034A', 9, '2021-12-17 05:46:25', '2021-12-17 05:46:25'),
(53, 'NPassword53', 'N-00035A', 9, '2021-12-17 05:46:25', '2021-12-17 05:46:25'),
(54, 'NPassword54', 'N-00036A', 9, '2021-12-17 05:46:25', '2021-12-17 05:46:25'),
(55, 'NPassword55', 'N-00037A', 9, '2021-12-17 05:46:25', '2021-12-17 05:46:25'),
(56, 'NPassword56', 'N-00038A', 9, '2021-12-17 05:46:25', '2021-12-17 05:46:25'),
(57, 'NPassword57', 'N-00038B', 9, '2021-12-17 05:46:25', '2021-12-17 05:46:25'),
(58, 'NPassword58', 'N-00038C', 9, '2021-12-17 05:46:25', '2021-12-17 05:46:25'),
(59, 'NPassword59', 'N-00038D', 9, '2021-12-17 05:46:25', '2021-12-17 05:46:25'),
(60, 'NPassword60', 'N-00038E', 9, '2021-12-17 05:46:25', '2021-12-17 05:46:25'),
(61, 'NPassword61', 'N-00039A', 9, '2021-12-17 05:46:25', '2021-12-17 05:46:25'),
(62, 'NPassword62', 'N-00040A', 9, '2021-12-17 05:46:25', '2021-12-17 05:46:25'),
(63, 'NPassword63', 'N-00041A', 9, '2021-12-17 05:46:25', '2021-12-17 05:46:25'),
(64, 'NPassword64', 'N-00041B', 9, '2021-12-17 05:46:25', '2021-12-17 05:46:25'),
(65, 'NPassword65', 'N-00042A', 9, '2021-12-17 05:46:25', '2021-12-17 05:46:25'),
(66, 'NPassword66', 'N-00042B', 9, '2021-12-17 05:46:25', '2021-12-17 05:46:25'),
(67, 'NPassword67', 'N-00042C', 9, '2021-12-17 05:46:25', '2021-12-17 05:46:25'),
(68, 'NPassword68', 'N-00043A', 9, '2021-12-17 05:46:25', '2021-12-17 05:46:25'),
(69, 'NPassword69', 'N-00043B', 9, '2021-12-17 05:46:25', '2021-12-17 05:46:25'),
(70, 'NPassword70', 'N-00043C', 9, '2021-12-17 05:46:25', '2021-12-17 05:46:25'),
(71, 'NPassword71', 'N-00044A', 9, '2021-12-17 05:46:25', '2021-12-17 05:46:25'),
(72, 'NPassword72', 'N-00044B', 9, '2021-12-17 05:46:25', '2021-12-17 05:46:25'),
(73, 'NPassword73', 'N-00044C', 9, '2021-12-17 05:46:25', '2021-12-17 05:46:25'),
(74, 'NPassword74', 'N-00045A', 9, '2021-12-17 05:46:25', '2021-12-17 05:46:25'),
(75, 'NPassword75', 'N-00045B', 9, '2021-12-17 05:46:25', '2021-12-17 05:46:25'),
(76, 'NPassword76', 'N-00045C', 9, '2021-12-17 05:46:25', '2021-12-17 05:46:25'),
(77, 'NPassword77', 'N-00045D', 9, '2021-12-17 05:46:25', '2021-12-17 05:46:25'),
(78, 'NPassword78', 'N-00045P1', 9, '2021-12-17 05:46:25', '2021-12-17 05:46:25'),
(79, 'NPassword79', 'N-00046A', 10, '2021-12-17 05:46:25', '2021-12-17 05:46:25'),
(80, 'NPassword80', 'N-00046B', 10, '2021-12-17 05:46:25', '2021-12-17 05:46:25'),
(81, 'NPassword81', 'N-00046C', 10, '2021-12-17 05:46:25', '2021-12-17 05:46:25'),
(82, 'NPassword82', 'N-00047A', 10, '2021-12-17 05:46:25', '2021-12-17 05:46:25'),
(83, 'NPassword83', 'N-00047B', 10, '2021-12-17 05:46:25', '2021-12-17 05:46:25'),
(84, 'NPassword84', 'N-00047C', 10, '2021-12-17 05:46:25', '2021-12-17 05:46:25'),
(85, 'NPassword85', 'N-00048A', 10, '2021-12-17 05:46:25', '2021-12-17 05:46:25'),
(86, 'NPassword86', 'N-00048B', 10, '2021-12-17 05:46:25', '2021-12-17 05:46:25'),
(87, 'NPassword87', 'N-00049A', 10, '2021-12-17 05:46:25', '2021-12-17 05:46:25'),
(88, 'NPassword88', 'N-00049B', 10, '2021-12-17 05:46:25', '2021-12-17 05:46:25'),
(89, 'NPassword89', 'N-00049C', 10, '2021-12-17 05:46:25', '2021-12-17 05:46:25'),
(90, 'NPassword90', 'N-00050A', 10, '2021-12-17 05:46:25', '2021-12-17 05:46:25'),
(91, 'NPassword91', 'N-00050B', 10, '2021-12-17 05:46:25', '2021-12-17 05:46:25'),
(92, 'NPassword92', 'N-00051A', 10, '2021-12-17 05:46:25', '2021-12-17 05:46:25'),
(93, 'NPassword93', 'N-00052A', 10, '2021-12-17 05:46:25', '2021-12-17 05:46:25'),
(94, 'NPassword94', 'N-00053A', 10, '2021-12-17 05:46:25', '2021-12-17 05:46:25'),
(95, 'NPassword95', 'N-00053B', 10, '2021-12-17 05:46:25', '2021-12-17 05:46:25'),
(96, 'NPassword96', 'N-00054A', 10, '2021-12-17 05:46:25', '2021-12-17 05:46:25'),
(97, 'NPassword97', 'N-00055A', 10, '2021-12-17 05:46:25', '2021-12-17 05:46:25'),
(98, 'NPassword98', 'N-00055B', 10, '2021-12-17 05:46:25', '2021-12-17 05:46:25'),
(99, 'NPassword99', 'N-00056A', 10, '2021-12-17 05:46:25', '2021-12-17 05:46:25'),
(100, 'NPassword100', 'N-00057A', 11, '2021-12-17 05:46:25', '2021-12-17 05:46:25'),
(101, 'NPassword101', 'N-00058A', 11, '2021-12-17 05:46:25', '2021-12-17 05:46:25'),
(102, 'NPassword102', 'N-00059A', 11, '2021-12-17 05:46:25', '2021-12-17 05:46:25'),
(103, 'NPassword103', 'N-00060A', 11, '2021-12-17 05:46:25', '2021-12-17 05:46:25'),
(104, 'NPassword104', 'N-00061A', 11, '2021-12-17 05:46:25', '2021-12-17 05:46:25'),
(105, 'NPassword105', 'N-00062A', 11, '2021-12-17 05:46:25', '2021-12-17 05:46:25'),
(106, 'NPassword106', 'N-00063A', 12, '2021-12-17 05:46:25', '2021-12-17 05:46:25'),
(107, 'NPassword107', 'N-00063B', 12, '2021-12-17 05:46:25', '2021-12-17 05:46:25'),
(108, 'NPassword108', 'N-00064A', 12, '2021-12-17 05:46:25', '2021-12-17 05:46:25'),
(109, 'NPassword109', 'N-00064B', 12, '2021-12-17 05:46:25', '2021-12-17 05:46:25'),
(110, 'NPassword110', 'N-00065A', 12, '2021-12-17 05:46:26', '2021-12-17 05:46:26'),
(111, 'NPassword111', 'N-00066A', 13, '2021-12-17 05:46:26', '2021-12-17 05:46:26'),
(112, 'NPassword112', 'N-00066B', 13, '2021-12-17 05:46:26', '2021-12-17 05:46:26'),
(113, 'NPassword113', 'N-00066C', 13, '2021-12-17 05:46:26', '2021-12-17 05:46:26'),
(114, 'NPassword114', 'N-00067A', 13, '2021-12-17 05:46:26', '2021-12-17 05:46:26'),
(115, 'NPassword115', 'N-00067B', 13, '2021-12-17 05:46:26', '2021-12-17 05:46:26'),
(116, 'NPassword116', 'N-00068A', 13, '2021-12-17 05:46:26', '2021-12-17 05:46:26'),
(117, 'NPassword117', 'N-00069A', 13, '2021-12-17 05:46:26', '2021-12-17 05:46:26'),
(118, 'NPassword118', 'N-00069B', 13, '2021-12-17 05:46:26', '2021-12-17 05:46:26'),
(119, 'NPassword119', 'N-00070A', 13, '2021-12-17 05:46:26', '2021-12-17 05:46:26'),
(120, 'NPassword120', 'N-00070B', 13, '2021-12-17 05:46:26', '2021-12-17 05:46:26'),
(121, 'NPassword121', 'N-00071A', 14, '2021-12-17 05:46:26', '2021-12-17 05:46:26'),
(122, 'NPassword122', 'N-00071B', 14, '2021-12-17 05:46:26', '2021-12-17 05:46:26'),
(123, 'NPassword123', 'N-00072A', 14, '2021-12-17 05:46:26', '2021-12-17 05:46:26'),
(124, 'NPassword124', 'N-00072B', 14, '2021-12-17 05:46:26', '2021-12-17 05:46:26'),
(125, 'NPassword125', 'N-00073A', 14, '2021-12-17 05:46:26', '2021-12-17 05:46:26'),
(126, 'NPassword126', 'N-00073B', 14, '2021-12-17 05:46:26', '2021-12-17 05:46:26'),
(127, 'NPassword127', 'N-00073C', 14, '2021-12-17 05:46:26', '2021-12-17 05:46:26'),
(128, 'NPassword128', 'N-00074A', 14, '2021-12-17 05:46:26', '2021-12-17 05:46:26'),
(129, 'NPassword129', 'N-00074B', 14, '2021-12-17 05:46:26', '2021-12-17 05:46:26'),
(130, 'NPassword130', 'N-00074C', 14, '2021-12-17 05:46:26', '2021-12-17 05:46:26'),
(131, 'NPassword131', 'N-00075A', 15, '2021-12-17 05:46:26', '2021-12-17 05:46:26'),
(132, 'NPassword132', 'N-00075B', 15, '2021-12-17 05:46:26', '2021-12-17 05:46:26'),
(133, 'NPassword133', 'N-00075C', 15, '2021-12-17 05:46:26', '2021-12-17 05:46:26'),
(134, 'NPassword134', 'N-00075D', 15, '2021-12-17 05:46:26', '2021-12-17 05:46:26'),
(135, 'NPassword135', 'N-00075E', 15, '2021-12-17 05:46:26', '2021-12-17 05:46:26'),
(136, 'NPassword136', 'N-00076A', 15, '2021-12-17 05:46:26', '2021-12-17 05:46:26'),
(137, 'NPassword137', 'N-00076B', 15, '2021-12-17 05:46:26', '2021-12-17 05:46:26'),
(138, 'NPassword138', 'N-00076C', 15, '2021-12-17 05:46:26', '2021-12-17 05:46:26'),
(139, 'NPassword139', 'N-00077A', 15, '2021-12-17 05:46:26', '2021-12-17 05:46:26'),
(140, 'NPassword140', 'N-00077B', 15, '2021-12-17 05:46:26', '2021-12-17 05:46:26'),
(141, 'NPassword141', 'N-00077C', 15, '2021-12-17 05:46:26', '2021-12-17 05:46:26'),
(142, 'NPassword142', 'N-00078A', 15, '2021-12-17 05:46:26', '2021-12-17 05:46:26'),
(143, 'NPassword143', 'N-00078B', 15, '2021-12-17 05:46:26', '2021-12-17 05:46:26'),
(144, 'NPassword144', 'N-00078C', 15, '2021-12-17 05:46:26', '2021-12-17 05:46:26'),
(145, 'NPassword145', 'N-00078D', 15, '2021-12-17 05:46:26', '2021-12-17 05:46:26'),
(146, 'NPassword146', 'N-00079A', 15, '2021-12-17 05:46:26', '2021-12-17 05:46:26'),
(147, 'NPassword147', 'N-00079B', 15, '2021-12-17 05:46:26', '2021-12-17 05:46:26'),
(148, 'NPassword148', 'N-00080A', 15, '2021-12-17 05:46:26', '2021-12-17 05:46:26'),
(149, 'NPassword149', 'N-00080B', 15, '2021-12-17 05:46:26', '2021-12-17 05:46:26'),
(150, 'NPassword150', 'N-00081A', 15, '2021-12-17 05:46:26', '2021-12-17 05:46:26'),
(151, 'NPassword151', 'N-00081B', 15, '2021-12-17 05:46:26', '2021-12-17 05:46:26'),
(152, 'NPassword152', 'N-00081C', 15, '2021-12-17 05:46:26', '2021-12-17 05:46:26'),
(153, 'NPassword153', 'N-00082A', 15, '2021-12-17 05:46:26', '2021-12-17 05:46:26'),
(154, 'NPassword154', 'N-00082B', 15, '2021-12-17 05:46:26', '2021-12-17 05:46:26'),
(155, 'NPassword155', 'N-00082C', 15, '2021-12-17 05:46:26', '2021-12-17 05:46:26'),
(156, 'PPassword1', 'P-0001A', 16, '2021-12-17 05:49:19', '2021-12-17 05:49:19'),
(157, 'PPassword2', 'P-0002A', 16, '2021-12-17 05:49:19', '2021-12-17 05:49:19'),
(158, 'PPassword3', 'P-0003A', 17, '2021-12-17 05:49:19', '2021-12-17 05:49:19'),
(159, 'PPassword4', 'P-0003B', 17, '2021-12-17 05:49:19', '2021-12-17 05:49:19'),
(160, 'PPassword5', 'P-0004A', 17, '2021-12-17 05:49:19', '2021-12-17 05:49:19'),
(161, 'PPassword6', 'P-0004B', 17, '2021-12-17 05:49:19', '2021-12-17 05:49:19'),
(162, 'PPassword7', 'P-0005A', 17, '2021-12-17 05:49:19', '2021-12-17 05:49:19'),
(163, 'PPassword8', 'P-0005B', 17, '2021-12-17 05:49:19', '2021-12-17 05:49:19'),
(164, 'PPassword9', 'P-0006A', 17, '2021-12-17 05:49:19', '2021-12-17 05:49:19'),
(165, 'PPassword10', 'P-0006B', 17, '2021-12-17 05:49:19', '2021-12-17 05:49:19'),
(166, 'PPassword11', 'P-0007A', 17, '2021-12-17 05:49:19', '2021-12-17 05:49:19'),
(167, 'PPassword12', 'P-0008A', 18, '2021-12-17 05:49:19', '2021-12-17 05:49:19'),
(168, 'PPassword13', 'P-0009A', 18, '2021-12-17 05:49:19', '2021-12-17 05:49:19'),
(169, 'PPassword14', 'P-0009P1', 18, '2021-12-17 05:49:19', '2021-12-17 05:49:19'),
(170, 'PPassword15', 'P-00010A', 19, '2021-12-17 05:49:19', '2021-12-17 05:49:19'),
(171, 'PPassword16', 'P-00011A', 19, '2021-12-17 05:49:19', '2021-12-17 05:49:19'),
(172, 'PPassword17', 'P-00012A', 19, '2021-12-17 05:49:19', '2021-12-17 05:49:19'),
(173, 'PPassword18', 'P-00013A', 19, '2021-12-17 05:49:19', '2021-12-17 05:49:19'),
(174, 'PPassword19', 'P-00014A', 20, '2021-12-17 05:49:19', '2021-12-17 05:49:19'),
(175, 'PPassword20', 'P-00014B', 20, '2021-12-17 05:49:19', '2021-12-17 05:49:19'),
(176, 'PPassword21', 'P-00015A', 20, '2021-12-17 05:49:20', '2021-12-17 05:49:20'),
(177, 'PPassword22', 'P-00015P1', 20, '2021-12-17 05:49:20', '2021-12-17 05:49:20'),
(178, 'PPassword23', 'P-00016A', 21, '2021-12-17 05:49:20', '2021-12-17 05:49:20'),
(179, 'PPassword24', 'P-00016B', 21, '2021-12-17 05:49:20', '2021-12-17 05:49:20'),
(180, 'PPassword25', 'P-00017A', 21, '2021-12-17 05:49:20', '2021-12-17 05:49:20'),
(181, 'PPassword26', 'P-00018A', 21, '2021-12-17 05:49:20', '2021-12-17 05:49:20'),
(182, 'PPassword27', 'P-00019A', 21, '2021-12-17 05:49:20', '2021-12-17 05:49:20'),
(183, 'PPassword28', 'P-00020A', 22, '2021-12-17 05:49:20', '2021-12-17 05:49:20'),
(184, 'PPassword29', 'P-00021A', 22, '2021-12-17 05:49:20', '2021-12-17 05:49:20'),
(185, 'PPassword30', 'P-00022A', 22, '2021-12-17 05:49:20', '2021-12-17 05:49:20'),
(186, 'PPassword31', 'P-00022B', 22, '2021-12-17 05:49:20', '2021-12-17 05:49:20'),
(187, 'PPassword32', 'P-00022C', 22, '2021-12-17 05:49:20', '2021-12-17 05:49:20'),
(188, 'PPassword33', 'P-00022D', 22, '2021-12-17 05:49:20', '2021-12-17 05:49:20'),
(189, 'PPassword34', 'P-00023A', 22, '2021-12-17 05:49:20', '2021-12-17 05:49:20'),
(190, 'PPassword35', 'P-00023B', 22, '2021-12-17 05:49:20', '2021-12-17 05:49:20'),
(191, 'PPassword36', 'P-00024A', 22, '2021-12-17 05:49:20', '2021-12-17 05:49:20'),
(192, 'PPassword37', 'P-00024B', 22, '2021-12-17 05:49:20', '2021-12-17 05:49:20'),
(193, 'PPassword38', 'P-00025A', 23, '2021-12-17 05:49:20', '2021-12-17 05:49:20'),
(194, 'PPassword39', 'P-00025B', 23, '2021-12-17 05:49:20', '2021-12-17 05:49:20'),
(195, 'PPassword40', 'P-00026A', 23, '2021-12-17 05:49:20', '2021-12-17 05:49:20'),
(196, 'PPassword41', 'P-00026B', 23, '2021-12-17 05:49:20', '2021-12-17 05:49:20'),
(197, 'PPassword42', 'P-00027A', 23, '2021-12-17 05:49:20', '2021-12-17 05:49:20'),
(198, 'PPassword43', 'P-00028A', 24, '2021-12-17 05:49:20', '2021-12-17 05:49:20'),
(199, 'PPassword44', 'P-00028B', 24, '2021-12-17 05:49:20', '2021-12-17 05:49:20'),
(200, 'PPassword45', 'P-00029A', 24, '2021-12-17 05:49:20', '2021-12-17 05:49:20'),
(201, 'PPassword46', 'P-00029B', 24, '2021-12-17 05:49:20', '2021-12-17 05:49:20'),
(202, 'PPassword47', 'P-00029C', 24, '2021-12-17 05:49:20', '2021-12-17 05:49:20'),
(203, 'PPassword48', 'P-00030A', 24, '2021-12-17 05:49:20', '2021-12-17 05:49:20'),
(204, 'PPassword49', 'P-00031A', 24, '2021-12-17 05:49:20', '2021-12-17 05:49:20'),
(205, 'PPassword50', 'P-00032A', 24, '2021-12-17 05:49:20', '2021-12-17 05:49:20'),
(206, 'PPassword51', 'P-00033A', 24, '2021-12-17 05:49:20', '2021-12-17 05:49:20'),
(207, 'PPassword52', 'P-00034A', 24, '2021-12-17 05:49:20', '2021-12-17 05:49:20'),
(208, 'PPassword53', 'P-00035A', 24, '2021-12-17 05:49:20', '2021-12-17 05:49:20'),
(209, 'PPassword54', 'P-00036A', 24, '2021-12-17 05:49:20', '2021-12-17 05:49:20'),
(210, 'PPassword55', 'P-00037A', 24, '2021-12-17 05:49:20', '2021-12-17 05:49:20'),
(211, 'PPassword56', 'P-00038A', 24, '2021-12-17 05:49:20', '2021-12-17 05:49:20'),
(212, 'PPassword57', 'P-00038B', 24, '2021-12-17 05:49:20', '2021-12-17 05:49:20'),
(213, 'PPassword58', 'P-00038C', 24, '2021-12-17 05:49:20', '2021-12-17 05:49:20'),
(214, 'PPassword59', 'P-00038D', 24, '2021-12-17 05:49:20', '2021-12-17 05:49:20'),
(215, 'PPassword60', 'P-00038E', 24, '2021-12-17 05:49:20', '2021-12-17 05:49:20'),
(216, 'PPassword61', 'P-00039A', 24, '2021-12-17 05:49:20', '2021-12-17 05:49:20'),
(217, 'PPassword62', 'P-00040A', 24, '2021-12-17 05:49:20', '2021-12-17 05:49:20'),
(218, 'PPassword63', 'P-00041A', 24, '2021-12-17 05:49:20', '2021-12-17 05:49:20'),
(219, 'PPassword64', 'P-00041B', 24, '2021-12-17 05:49:20', '2021-12-17 05:49:20'),
(220, 'PPassword65', 'P-00042A', 24, '2021-12-17 05:49:20', '2021-12-17 05:49:20'),
(221, 'PPassword66', 'P-00042B', 24, '2021-12-17 05:49:20', '2021-12-17 05:49:20'),
(222, 'PPassword67', 'P-00042C', 24, '2021-12-17 05:49:20', '2021-12-17 05:49:20'),
(223, 'PPassword68', 'P-00043A', 24, '2021-12-17 05:49:20', '2021-12-17 05:49:20'),
(224, 'PPassword69', 'P-00043B', 24, '2021-12-17 05:49:20', '2021-12-17 05:49:20'),
(225, 'PPassword70', 'P-00043C', 24, '2021-12-17 05:49:20', '2021-12-17 05:49:20'),
(226, 'PPassword71', 'P-00044A', 24, '2021-12-17 05:49:20', '2021-12-17 05:49:20'),
(227, 'PPassword72', 'P-00044B', 24, '2021-12-17 05:49:20', '2021-12-17 05:49:20'),
(228, 'PPassword73', 'P-00044C', 24, '2021-12-17 05:49:20', '2021-12-17 05:49:20'),
(229, 'PPassword74', 'P-00045A', 24, '2021-12-17 05:49:20', '2021-12-17 05:49:20'),
(230, 'PPassword75', 'P-00045B', 24, '2021-12-17 05:49:20', '2021-12-17 05:49:20'),
(231, 'PPassword76', 'P-00045C', 24, '2021-12-17 05:49:20', '2021-12-17 05:49:20'),
(232, 'PPassword77', 'P-00045D', 24, '2021-12-17 05:49:20', '2021-12-17 05:49:20'),
(233, 'PPassword78', 'P-00045P1', 24, '2021-12-17 05:49:20', '2021-12-17 05:49:20'),
(234, 'PPassword79', 'P-00046A', 25, '2021-12-17 05:49:20', '2021-12-17 05:49:20'),
(235, 'PPassword80', 'P-00046B', 25, '2021-12-17 05:49:20', '2021-12-17 05:49:20'),
(236, 'PPassword81', 'P-00046C', 25, '2021-12-17 05:49:20', '2021-12-17 05:49:20'),
(237, 'PPassword82', 'P-00047A', 25, '2021-12-17 05:49:20', '2021-12-17 05:49:20'),
(238, 'PPassword83', 'P-00047B', 25, '2021-12-17 05:49:20', '2021-12-17 05:49:20'),
(239, 'PPassword84', 'P-00047C', 25, '2021-12-17 05:49:20', '2021-12-17 05:49:20'),
(240, 'PPassword85', 'P-00048A', 25, '2021-12-17 05:49:20', '2021-12-17 05:49:20'),
(241, 'PPassword86', 'P-00048B', 25, '2021-12-17 05:49:20', '2021-12-17 05:49:20'),
(242, 'PPassword87', 'P-00049A', 25, '2021-12-17 05:49:20', '2021-12-17 05:49:20'),
(243, 'PPassword88', 'P-00049B', 25, '2021-12-17 05:49:20', '2021-12-17 05:49:20'),
(244, 'PPassword89', 'P-00049C', 25, '2021-12-17 05:49:20', '2021-12-17 05:49:20'),
(245, 'PPassword90', 'P-00050A', 25, '2021-12-17 05:49:20', '2021-12-17 05:49:20'),
(246, 'PPassword91', 'P-00050B', 25, '2021-12-17 05:49:20', '2021-12-17 05:49:20'),
(247, 'PPassword92', 'P-00051A', 25, '2021-12-17 05:49:20', '2021-12-17 05:49:20'),
(248, 'PPassword93', 'P-00052A', 25, '2021-12-17 05:49:20', '2021-12-17 05:49:20'),
(249, 'PPassword94', 'P-00053A', 25, '2021-12-17 05:49:20', '2021-12-17 05:49:20'),
(250, 'PPassword95', 'P-00053B', 25, '2021-12-17 05:49:20', '2021-12-17 05:49:20'),
(251, 'PPassword96', 'P-00054A', 25, '2021-12-17 05:49:20', '2021-12-17 05:49:20'),
(252, 'PPassword97', 'P-00055A', 25, '2021-12-17 05:49:20', '2021-12-17 05:49:20'),
(253, 'PPassword98', 'P-00055B', 25, '2021-12-17 05:49:20', '2021-12-17 05:49:20'),
(254, 'PPassword99', 'P-00056A', 25, '2021-12-17 05:49:20', '2021-12-17 05:49:20'),
(255, 'PPassword100', 'P-00057A', 26, '2021-12-17 05:49:20', '2021-12-17 05:49:20'),
(256, 'PPassword101', 'P-00058A', 26, '2021-12-17 05:49:20', '2021-12-17 05:49:20'),
(257, 'PPassword102', 'P-00059A', 26, '2021-12-17 05:49:20', '2021-12-17 05:49:20'),
(258, 'PPassword103', 'P-00060A', 26, '2021-12-17 05:49:20', '2021-12-17 05:49:20'),
(259, 'PPassword104', 'P-00061A', 26, '2021-12-17 05:49:20', '2021-12-17 05:49:20'),
(260, 'PPassword105', 'P-00062A', 26, '2021-12-17 05:49:20', '2021-12-17 05:49:20'),
(261, 'PPassword106', 'P-00063A', 27, '2021-12-17 05:49:20', '2021-12-17 05:49:20'),
(262, 'PPassword107', 'P-00063B', 27, '2021-12-17 05:49:20', '2021-12-17 05:49:20'),
(263, 'PPassword108', 'P-00064A', 27, '2021-12-17 05:49:20', '2021-12-17 05:49:20'),
(264, 'PPassword109', 'P-00064B', 27, '2021-12-17 05:49:20', '2021-12-17 05:49:20'),
(265, 'PPassword110', 'P-00065A', 27, '2021-12-17 05:49:20', '2021-12-17 05:49:20'),
(266, 'PPassword111', 'P-00066A', 28, '2021-12-17 05:49:20', '2021-12-17 05:49:20'),
(267, 'PPassword112', 'P-00066B', 28, '2021-12-17 05:49:20', '2021-12-17 05:49:20'),
(268, 'PPassword113', 'P-00066C', 28, '2021-12-17 05:49:20', '2021-12-17 05:49:20'),
(269, 'PPassword114', 'P-00067A', 28, '2021-12-17 05:49:20', '2021-12-17 05:49:20'),
(270, 'PPassword115', 'P-00067B', 28, '2021-12-17 05:49:20', '2021-12-17 05:49:20'),
(271, 'PPassword116', 'P-00068A', 28, '2021-12-17 05:49:20', '2021-12-17 05:49:20'),
(272, 'PPassword117', 'P-00069A', 28, '2021-12-17 05:49:20', '2021-12-17 05:49:20'),
(273, 'PPassword118', 'P-00069B', 28, '2021-12-17 05:49:20', '2021-12-17 05:49:20'),
(274, 'PPassword119', 'P-00070A', 28, '2021-12-17 05:49:20', '2021-12-17 05:49:20'),
(275, 'PPassword120', 'P-00070B', 28, '2021-12-17 05:49:20', '2021-12-17 05:49:20'),
(276, 'PPassword121', 'P-00071A', 29, '2021-12-17 05:49:20', '2021-12-17 05:49:20'),
(277, 'PPassword122', 'P-00071B', 29, '2021-12-17 05:49:20', '2021-12-17 05:49:20'),
(278, 'PPassword123', 'P-00072A', 29, '2021-12-17 05:49:20', '2021-12-17 05:49:20'),
(279, 'PPassword124', 'P-00072B', 29, '2021-12-17 05:49:20', '2021-12-17 05:49:20'),
(280, 'PPassword125', 'P-00073A', 29, '2021-12-17 05:49:20', '2021-12-17 05:49:20'),
(281, 'PPassword126', 'P-00073B', 29, '2021-12-17 05:49:20', '2021-12-17 05:49:20'),
(282, 'PPassword127', 'P-00073C', 29, '2021-12-17 05:49:20', '2021-12-17 05:49:20'),
(283, 'PPassword128', 'P-00074A', 29, '2021-12-17 05:49:20', '2021-12-17 05:49:20'),
(284, 'PPassword129', 'P-00074B', 29, '2021-12-17 05:49:20', '2021-12-17 05:49:20'),
(285, 'PPassword130', 'P-00074C', 29, '2021-12-17 05:49:20', '2021-12-17 05:49:20'),
(286, 'PPassword131', 'P-00075A', 30, '2021-12-17 05:49:20', '2021-12-17 05:49:20'),
(287, 'PPassword132', 'P-00075B', 30, '2021-12-17 05:49:20', '2021-12-17 05:49:20'),
(288, 'PPassword133', 'P-00075C', 30, '2021-12-17 05:49:20', '2021-12-17 05:49:20'),
(289, 'PPassword134', 'P-00075D', 30, '2021-12-17 05:49:20', '2021-12-17 05:49:20'),
(290, 'PPassword135', 'P-00075E', 30, '2021-12-17 05:49:20', '2021-12-17 05:49:20'),
(291, 'PPassword136', 'P-00076A', 30, '2021-12-17 05:49:20', '2021-12-17 05:49:20'),
(292, 'PPassword137', 'P-00076B', 30, '2021-12-17 05:49:20', '2021-12-17 05:49:20'),
(293, 'PPassword138', 'P-00076C', 30, '2021-12-17 05:49:20', '2021-12-17 05:49:20'),
(294, 'PPassword139', 'P-00077A', 30, '2021-12-17 05:49:20', '2021-12-17 05:49:20'),
(295, 'PPassword140', 'P-00077B', 30, '2021-12-17 05:49:20', '2021-12-17 05:49:20'),
(296, 'PPassword141', 'P-00077C', 30, '2021-12-17 05:49:20', '2021-12-17 05:49:20'),
(297, 'PPassword142', 'P-00078A', 30, '2021-12-17 05:49:20', '2021-12-17 05:49:20'),
(298, 'PPassword143', 'P-00078B', 30, '2021-12-17 05:49:20', '2021-12-17 05:49:20'),
(299, 'PPassword144', 'P-00078C', 30, '2021-12-17 05:49:20', '2021-12-17 05:49:20'),
(300, 'PPassword145', 'P-00078D', 30, '2021-12-17 05:49:20', '2021-12-17 05:49:20'),
(301, 'PPassword146', 'P-00079A', 30, '2021-12-17 05:49:20', '2021-12-17 05:49:20'),
(302, 'PPassword147', 'P-00079B', 30, '2021-12-17 05:49:20', '2021-12-17 05:49:20'),
(303, 'PPassword148', 'P-00080A', 30, '2021-12-17 05:49:20', '2021-12-17 05:49:20'),
(304, 'PPassword149', 'P-00080B', 30, '2021-12-17 05:49:20', '2021-12-17 05:49:20'),
(305, 'PPassword150', 'P-00081A', 30, '2021-12-17 05:49:20', '2021-12-17 05:49:20'),
(306, 'PPassword151', 'P-00081B', 30, '2021-12-17 05:49:20', '2021-12-17 05:49:20'),
(307, 'PPassword152', 'P-00081C', 30, '2021-12-17 05:49:20', '2021-12-17 05:49:20'),
(308, 'PPassword153', 'P-00082A', 30, '2021-12-17 05:49:20', '2021-12-17 05:49:20'),
(309, 'PPassword154', 'P-00082B', 30, '2021-12-17 05:49:20', '2021-12-17 05:49:20'),
(310, 'PPassword155', 'P-00082C', 30, '2021-12-17 05:49:20', '2021-12-17 05:49:20'),
(311, 'EPassword1', 'E-0001A', 31, '2021-12-17 05:51:44', '2021-12-17 05:51:44'),
(312, 'EPassword2', 'E-0002A', 31, '2021-12-17 05:51:44', '2021-12-17 05:51:44'),
(313, 'EPassword3', 'E-0003A', 32, '2021-12-17 05:51:44', '2021-12-17 05:51:44'),
(314, 'EPassword4', 'E-0003B', 32, '2021-12-17 05:51:44', '2021-12-17 05:51:44'),
(315, 'EPassword5', 'E-0004A', 32, '2021-12-17 05:51:44', '2021-12-17 05:51:44'),
(316, 'EPassword6', 'E-0004B', 32, '2021-12-17 05:51:44', '2021-12-17 05:51:44'),
(317, 'EPassword7', 'E-0005A', 32, '2021-12-17 05:51:44', '2021-12-17 05:51:44'),
(318, 'EPassword8', 'E-0005B', 32, '2021-12-17 05:51:44', '2021-12-17 05:51:44'),
(319, 'EPassword9', 'E-0006A', 32, '2021-12-17 05:51:44', '2021-12-17 05:51:44'),
(320, 'EPassword10', 'E-0006B', 32, '2021-12-17 05:51:44', '2021-12-17 05:51:44'),
(321, 'EPassword11', 'E-0007A', 32, '2021-12-17 05:51:44', '2021-12-17 05:51:44'),
(322, 'EPassword12', 'E-0008A', 33, '2021-12-17 05:51:44', '2021-12-17 05:51:44'),
(323, 'EPassword13', 'E-0009A', 33, '2021-12-17 05:51:44', '2021-12-17 05:51:44'),
(324, 'EPassword14', 'E-0009P1', 33, '2021-12-17 05:51:44', '2021-12-17 05:51:44'),
(325, 'EPassword15', 'E-00010A', 34, '2021-12-17 05:51:44', '2021-12-17 05:51:44'),
(326, 'EPassword16', 'E-00011A', 34, '2021-12-17 05:51:44', '2021-12-17 05:51:44'),
(327, 'EPassword17', 'E-00012A', 34, '2021-12-17 05:51:44', '2021-12-17 05:51:44'),
(328, 'EPassword18', 'E-00013A', 34, '2021-12-17 05:51:44', '2021-12-17 05:51:44'),
(329, 'EPassword19', 'E-00014A', 35, '2021-12-17 05:51:44', '2021-12-17 05:51:44'),
(330, 'EPassword20', 'E-00014B', 35, '2021-12-17 05:51:44', '2021-12-17 05:51:44'),
(331, 'EPassword21', 'E-00015A', 35, '2021-12-17 05:51:44', '2021-12-17 05:51:44'),
(332, 'EPassword22', 'E-00015P1', 35, '2021-12-17 05:51:44', '2021-12-17 05:51:44'),
(333, 'EPassword23', 'E-00016A', 36, '2021-12-17 05:51:44', '2021-12-17 05:51:44'),
(334, 'EPassword24', 'E-00016B', 36, '2021-12-17 05:51:44', '2021-12-17 05:51:44'),
(335, 'EPassword25', 'E-00017A', 36, '2021-12-17 05:51:44', '2021-12-17 05:51:44'),
(336, 'EPassword26', 'E-00018A', 36, '2021-12-17 05:51:44', '2021-12-17 05:51:44'),
(337, 'EPassword27', 'E-00019A', 36, '2021-12-17 05:51:44', '2021-12-17 05:51:44'),
(338, 'EPassword28', 'E-00020A', 37, '2021-12-17 05:51:44', '2021-12-17 05:51:44'),
(339, 'EPassword29', 'E-00021A', 37, '2021-12-17 05:51:44', '2021-12-17 05:51:44'),
(340, 'EPassword30', 'E-00022A', 37, '2021-12-17 05:51:44', '2021-12-17 05:51:44'),
(341, 'EPassword31', 'E-00022B', 37, '2021-12-17 05:51:44', '2021-12-17 05:51:44'),
(342, 'EPassword32', 'E-00022C', 37, '2021-12-17 05:51:44', '2021-12-17 05:51:44'),
(343, 'EPassword33', 'E-00022D', 37, '2021-12-17 05:51:44', '2021-12-17 05:51:44'),
(344, 'EPassword34', 'E-00023A', 37, '2021-12-17 05:51:44', '2021-12-17 05:51:44'),
(345, 'EPassword35', 'E-00023B', 37, '2021-12-17 05:51:44', '2021-12-17 05:51:44'),
(346, 'EPassword36', 'E-00024A', 37, '2021-12-17 05:51:44', '2021-12-17 05:51:44'),
(347, 'EPassword37', 'E-00024B', 37, '2021-12-17 05:51:44', '2021-12-17 05:51:44'),
(348, 'EPassword38', 'E-00025A', 38, '2021-12-17 05:51:44', '2021-12-17 05:51:44'),
(349, 'EPassword39', 'E-00025B', 38, '2021-12-17 05:51:44', '2021-12-17 05:51:44'),
(350, 'EPassword40', 'E-00026A', 38, '2021-12-17 05:51:44', '2021-12-17 05:51:44'),
(351, 'EPassword41', 'E-00026B', 38, '2021-12-17 05:51:44', '2021-12-17 05:51:44'),
(352, 'EPassword42', 'E-00027A', 38, '2021-12-17 05:51:44', '2021-12-17 05:51:44'),
(353, 'EPassword43', 'E-00028A', 39, '2021-12-17 05:51:44', '2021-12-17 05:51:44'),
(354, 'EPassword44', 'E-00028B', 39, '2021-12-17 05:51:44', '2021-12-17 05:51:44'),
(355, 'EPassword45', 'E-00029A', 39, '2021-12-17 05:51:44', '2021-12-17 05:51:44'),
(356, 'EPassword46', 'E-00029B', 39, '2021-12-17 05:51:44', '2021-12-17 05:51:44'),
(357, 'EPassword47', 'E-00029C', 39, '2021-12-17 05:51:44', '2021-12-17 05:51:44'),
(358, 'EPassword48', 'E-00030A', 39, '2021-12-17 05:51:44', '2021-12-17 05:51:44'),
(359, 'EPassword49', 'E-00031A', 39, '2021-12-17 05:51:44', '2021-12-17 05:51:44'),
(360, 'EPassword50', 'E-00032A', 39, '2021-12-17 05:51:44', '2021-12-17 05:51:44'),
(361, 'EPassword51', 'E-00033A', 39, '2021-12-17 05:51:44', '2021-12-17 05:51:44'),
(362, 'EPassword52', 'E-00034A', 39, '2021-12-17 05:51:44', '2021-12-17 05:51:44'),
(363, 'EPassword53', 'E-00035A', 39, '2021-12-17 05:51:44', '2021-12-17 05:51:44'),
(364, 'EPassword54', 'E-00036A', 39, '2021-12-17 05:51:44', '2021-12-17 05:51:44'),
(365, 'EPassword55', 'E-00037A', 39, '2021-12-17 05:51:44', '2021-12-17 05:51:44'),
(366, 'EPassword56', 'E-00038A', 39, '2021-12-17 05:51:44', '2021-12-17 05:51:44'),
(367, 'EPassword57', 'E-00038B', 39, '2021-12-17 05:51:44', '2021-12-17 05:51:44'),
(368, 'EPassword58', 'E-00038C', 39, '2021-12-17 05:51:44', '2021-12-17 05:51:44'),
(369, 'EPassword59', 'E-00038D', 39, '2021-12-17 05:51:44', '2021-12-17 05:51:44'),
(370, 'EPassword60', 'E-00038E', 39, '2021-12-17 05:51:44', '2021-12-17 05:51:44'),
(371, 'EPassword61', 'E-00039A', 39, '2021-12-17 05:51:44', '2021-12-17 05:51:44'),
(372, 'EPassword62', 'E-00040A', 39, '2021-12-17 05:51:44', '2021-12-17 05:51:44'),
(373, 'EPassword63', 'E-00041A', 39, '2021-12-17 05:51:44', '2021-12-17 05:51:44'),
(374, 'EPassword64', 'E-00041B', 39, '2021-12-17 05:51:44', '2021-12-17 05:51:44'),
(375, 'EPassword65', 'E-00042A', 39, '2021-12-17 05:51:44', '2021-12-17 05:51:44'),
(376, 'EPassword66', 'E-00042B', 39, '2021-12-17 05:51:44', '2021-12-17 05:51:44'),
(377, 'EPassword67', 'E-00042C', 39, '2021-12-17 05:51:44', '2021-12-17 05:51:44'),
(378, 'EPassword68', 'E-00043A', 39, '2021-12-17 05:51:44', '2021-12-17 05:51:44'),
(379, 'EPassword69', 'E-00043B', 39, '2021-12-17 05:51:44', '2021-12-17 05:51:44'),
(380, 'EPassword70', 'E-00043C', 39, '2021-12-17 05:51:44', '2021-12-17 05:51:44'),
(381, 'EPassword71', 'E-00044A', 39, '2021-12-17 05:51:44', '2021-12-17 05:51:44'),
(382, 'EPassword72', 'E-00044B', 39, '2021-12-17 05:51:44', '2021-12-17 05:51:44'),
(383, 'EPassword73', 'E-00044C', 39, '2021-12-17 05:51:44', '2021-12-17 05:51:44'),
(384, 'EPassword74', 'E-00045A', 39, '2021-12-17 05:51:44', '2021-12-17 05:51:44'),
(385, 'EPassword75', 'E-00045B', 39, '2021-12-17 05:51:44', '2021-12-17 05:51:44'),
(386, 'EPassword76', 'E-00045C', 39, '2021-12-17 05:51:44', '2021-12-17 05:51:44'),
(387, 'EPassword77', 'E-00045D', 39, '2021-12-17 05:51:44', '2021-12-17 05:51:44'),
(388, 'EPassword78', 'E-00045P1', 39, '2021-12-17 05:51:44', '2021-12-17 05:51:44'),
(389, 'EPassword79', 'E-00046A', 40, '2021-12-17 05:51:44', '2021-12-17 05:51:44'),
(390, 'EPassword80', 'E-00046B', 40, '2021-12-17 05:51:44', '2021-12-17 05:51:44'),
(391, 'EPassword81', 'E-00046C', 40, '2021-12-17 05:51:44', '2021-12-17 05:51:44'),
(392, 'EPassword82', 'E-00047A', 40, '2021-12-17 05:51:44', '2021-12-17 05:51:44'),
(393, 'EPassword83', 'E-00047B', 40, '2021-12-17 05:51:44', '2021-12-17 05:51:44'),
(394, 'EPassword84', 'E-00047C', 40, '2021-12-17 05:51:44', '2021-12-17 05:51:44'),
(395, 'EPassword85', 'E-00048A', 40, '2021-12-17 05:51:44', '2021-12-17 05:51:44'),
(396, 'EPassword86', 'E-00048B', 40, '2021-12-17 05:51:44', '2021-12-17 05:51:44'),
(397, 'EPassword87', 'E-00049A', 40, '2021-12-17 05:51:44', '2021-12-17 05:51:44'),
(398, 'EPassword88', 'E-00049B', 40, '2021-12-17 05:51:44', '2021-12-17 05:51:44'),
(399, 'EPassword89', 'E-00049C', 40, '2021-12-17 05:51:44', '2021-12-17 05:51:44'),
(400, 'EPassword90', 'E-00050A', 40, '2021-12-17 05:51:44', '2021-12-17 05:51:44'),
(401, 'EPassword91', 'E-00050B', 40, '2021-12-17 05:51:44', '2021-12-17 05:51:44'),
(402, 'EPassword92', 'E-00051A', 40, '2021-12-17 05:51:44', '2021-12-17 05:51:44'),
(403, 'EPassword93', 'E-00052A', 40, '2021-12-17 05:51:44', '2021-12-17 05:51:44'),
(404, 'EPassword94', 'E-00053A', 40, '2021-12-17 05:51:44', '2021-12-17 05:51:44'),
(405, 'EPassword95', 'E-00053B', 40, '2021-12-17 05:51:44', '2021-12-17 05:51:44'),
(406, 'EPassword96', 'E-00054A', 40, '2021-12-17 05:51:44', '2021-12-17 05:51:44'),
(407, 'EPassword97', 'E-00055A', 40, '2021-12-17 05:51:44', '2021-12-17 05:51:44'),
(408, 'EPassword98', 'E-00055B', 40, '2021-12-17 05:51:44', '2021-12-17 05:51:44'),
(409, 'EPassword99', 'E-00056A', 40, '2021-12-17 05:51:44', '2021-12-17 05:51:44'),
(410, 'EPassword100', 'E-00057A', 41, '2021-12-17 05:51:44', '2021-12-17 05:51:44'),
(411, 'EPassword101', 'E-00058A', 41, '2021-12-17 05:51:44', '2021-12-17 05:51:44'),
(412, 'EPassword102', 'E-00059A', 41, '2021-12-17 05:51:44', '2021-12-17 05:51:44'),
(413, 'EPassword103', 'E-00060A', 41, '2021-12-17 05:51:44', '2021-12-17 05:51:44'),
(414, 'EPassword104', 'E-00061A', 41, '2021-12-17 05:51:44', '2021-12-17 05:51:44'),
(415, 'EPassword105', 'E-00062A', 41, '2021-12-17 05:51:44', '2021-12-17 05:51:44'),
(416, 'EPassword106', 'E-00063A', 42, '2021-12-17 05:51:44', '2021-12-17 05:51:44'),
(417, 'EPassword107', 'E-00063B', 42, '2021-12-17 05:51:44', '2021-12-17 05:51:44'),
(418, 'EPassword108', 'E-00064A', 42, '2021-12-17 05:51:44', '2021-12-17 05:51:44'),
(419, 'EPassword109', 'E-00064B', 42, '2021-12-17 05:51:44', '2021-12-17 05:51:44'),
(420, 'EPassword110', 'E-00065A', 42, '2021-12-17 05:51:44', '2021-12-17 05:51:44'),
(421, 'EPassword111', 'E-00066A', 43, '2021-12-17 05:51:44', '2021-12-17 05:51:44'),
(422, 'EPassword112', 'E-00066B', 43, '2021-12-17 05:51:44', '2021-12-17 05:51:44'),
(423, 'EPassword113', 'E-00066C', 43, '2021-12-17 05:51:44', '2021-12-17 05:51:44'),
(424, 'EPassword114', 'E-00067A', 43, '2021-12-17 05:51:44', '2021-12-17 05:51:44'),
(425, 'EPassword115', 'E-00067B', 43, '2021-12-17 05:51:44', '2021-12-17 05:51:44'),
(426, 'EPassword116', 'E-00068A', 43, '2021-12-17 05:51:44', '2021-12-17 05:51:44'),
(427, 'EPassword117', 'E-00069A', 43, '2021-12-17 05:51:44', '2021-12-17 05:51:44'),
(428, 'EPassword118', 'E-00069B', 43, '2021-12-17 05:51:44', '2021-12-17 05:51:44'),
(429, 'EPassword119', 'E-00070A', 43, '2021-12-17 05:51:44', '2021-12-17 05:51:44'),
(430, 'EPassword120', 'E-00070B', 43, '2021-12-17 05:51:44', '2021-12-17 05:51:44'),
(431, 'EPassword121', 'E-00071A', 44, '2021-12-17 05:51:44', '2021-12-17 05:51:44'),
(432, 'EPassword122', 'E-00071B', 44, '2021-12-17 05:51:44', '2021-12-17 05:51:44'),
(433, 'EPassword123', 'E-00072A', 44, '2021-12-17 05:51:44', '2021-12-17 05:51:44'),
(434, 'EPassword124', 'E-00072B', 44, '2021-12-17 05:51:44', '2021-12-17 05:51:44'),
(435, 'EPassword125', 'E-00073A', 44, '2021-12-17 05:51:44', '2021-12-17 05:51:44'),
(436, 'EPassword126', 'E-00073B', 44, '2021-12-17 05:51:44', '2021-12-17 05:51:44'),
(437, 'EPassword127', 'E-00073C', 44, '2021-12-17 05:51:44', '2021-12-17 05:51:44'),
(438, 'EPassword128', 'E-00074A', 44, '2021-12-17 05:51:44', '2021-12-17 05:51:44'),
(439, 'EPassword129', 'E-00074B', 44, '2021-12-17 05:51:44', '2021-12-17 05:51:44'),
(440, 'EPassword130', 'E-00074C', 44, '2021-12-17 05:51:44', '2021-12-17 05:51:44'),
(441, 'EPassword131', 'E-00075A', 45, '2021-12-17 05:51:44', '2021-12-17 05:51:44'),
(442, 'EPassword132', 'E-00075B', 45, '2021-12-17 05:51:44', '2021-12-17 05:51:44'),
(443, 'EPassword133', 'E-00075C', 45, '2021-12-17 05:51:44', '2021-12-17 05:51:44'),
(444, 'EPassword134', 'E-00075D', 45, '2021-12-17 05:51:44', '2021-12-17 05:51:44'),
(445, 'EPassword135', 'E-00075E', 45, '2021-12-17 05:51:44', '2021-12-17 05:51:44'),
(446, 'EPassword136', 'E-00076A', 45, '2021-12-17 05:51:44', '2021-12-17 05:51:44'),
(447, 'EPassword137', 'E-00076B', 45, '2021-12-17 05:51:44', '2021-12-17 05:51:44'),
(448, 'EPassword138', 'E-00076C', 45, '2021-12-17 05:51:44', '2021-12-17 05:51:44'),
(449, 'EPassword139', 'E-00077A', 45, '2021-12-17 05:51:44', '2021-12-17 05:51:44'),
(450, 'EPassword140', 'E-00077B', 45, '2021-12-17 05:51:44', '2021-12-17 05:51:44'),
(451, 'EPassword141', 'E-00077C', 45, '2021-12-17 05:51:44', '2021-12-17 05:51:44'),
(452, 'EPassword142', 'E-00078A', 45, '2021-12-17 05:51:44', '2021-12-17 05:51:44'),
(453, 'EPassword143', 'E-00078B', 45, '2021-12-17 05:51:44', '2021-12-17 05:51:44'),
(454, 'EPassword144', 'E-00078C', 45, '2021-12-17 05:51:44', '2021-12-17 05:51:44'),
(455, 'EPassword145', 'E-00078D', 45, '2021-12-17 05:51:44', '2021-12-17 05:51:44'),
(456, 'EPassword146', 'E-00079A', 45, '2021-12-17 05:51:44', '2021-12-17 05:51:44'),
(457, 'EPassword147', 'E-00079B', 45, '2021-12-17 05:51:44', '2021-12-17 05:51:44'),
(458, 'EPassword148', 'E-00080A', 45, '2021-12-17 05:51:44', '2021-12-17 05:51:44'),
(459, 'EPassword149', 'E-00080B', 45, '2021-12-17 05:51:44', '2021-12-17 05:51:44'),
(460, 'EPassword150', 'E-00081A', 45, '2021-12-17 05:51:44', '2021-12-17 05:51:44'),
(461, 'EPassword151', 'E-00081B', 45, '2021-12-17 05:51:44', '2021-12-17 05:51:44'),
(462, 'EPassword152', 'E-00081C', 45, '2021-12-17 05:51:44', '2021-12-17 05:51:44'),
(463, 'EPassword153', 'E-00082A', 45, '2021-12-17 05:51:44', '2021-12-17 05:51:44'),
(464, 'EPassword154', 'E-00082B', 45, '2021-12-17 05:51:44', '2021-12-17 05:51:44'),
(465, 'EPassword155', 'E-00082C', 45, '2021-12-17 05:51:44', '2021-12-17 05:51:44');

--
-- Indexes for dumped tables
--

--
-- Indexes for table `answers`
--
ALTER TABLE `answers`
  ADD PRIMARY KEY (`id`),
  ADD KEY `answers_survey_id_foreign` (`survey_id`),
  ADD KEY `answers_user_id_foreign` (`user_id`),
  ADD KEY `answers_m_c_q_s_id_foreign` (`m_c_q_s_id`);

--
-- Indexes for table `categories`
--
ALTER TABLE `categories`
  ADD PRIMARY KEY (`id`);

--
-- Indexes for table `database__names`
--
ALTER TABLE `database__names`
  ADD PRIMARY KEY (`id`),
  ADD KEY `database__names_category_id_foreign` (`category_id`);

--
-- Indexes for table `migrations`
--
ALTER TABLE `migrations`
  ADD PRIMARY KEY (`id`);

--
-- Indexes for table `m_c_q_s`
--
ALTER TABLE `m_c_q_s`
  ADD PRIMARY KEY (`id`),
  ADD KEY `m_c_q_s_category_id_foreign` (`category_id`);

--
-- Indexes for table `personal_access_tokens`
--
ALTER TABLE `personal_access_tokens`
  ADD PRIMARY KEY (`id`),
  ADD UNIQUE KEY `personal_access_tokens_token_unique` (`token`),
  ADD KEY `personal_access_tokens_tokenable_type_tokenable_id_index` (`tokenable_type`,`tokenable_id`);

--
-- Indexes for table `surveys`
--
ALTER TABLE `surveys`
  ADD PRIMARY KEY (`id`);

--
-- Indexes for table `users`
--
ALTER TABLE `users`
  ADD PRIMARY KEY (`id`),
  ADD UNIQUE KEY `users_pass_word_unique` (`pass_word`),
  ADD KEY `users_database__name_id_foreign` (`database__name_id`);

--
-- AUTO_INCREMENT for dumped tables
--

--
-- AUTO_INCREMENT for table `answers`
--
ALTER TABLE `answers`
  MODIFY `id` bigint(20) UNSIGNED NOT NULL AUTO_INCREMENT, AUTO_INCREMENT=1280;

--
-- AUTO_INCREMENT for table `categories`
--
ALTER TABLE `categories`
  MODIFY `id` bigint(20) UNSIGNED NOT NULL AUTO_INCREMENT, AUTO_INCREMENT=4;

--
-- AUTO_INCREMENT for table `database__names`
--
ALTER TABLE `database__names`
  MODIFY `id` bigint(20) UNSIGNED NOT NULL AUTO_INCREMENT, AUTO_INCREMENT=46;

--
-- AUTO_INCREMENT for table `migrations`
--
ALTER TABLE `migrations`
  MODIFY `id` int(10) UNSIGNED NOT NULL AUTO_INCREMENT, AUTO_INCREMENT=8;

--
-- AUTO_INCREMENT for table `m_c_q_s`
--
ALTER TABLE `m_c_q_s`
  MODIFY `id` bigint(20) UNSIGNED NOT NULL AUTO_INCREMENT, AUTO_INCREMENT=14;

--
-- AUTO_INCREMENT for table `personal_access_tokens`
--
ALTER TABLE `personal_access_tokens`
  MODIFY `id` bigint(20) UNSIGNED NOT NULL AUTO_INCREMENT;

--
-- AUTO_INCREMENT for table `surveys`
--
ALTER TABLE `surveys`
  MODIFY `id` bigint(20) UNSIGNED NOT NULL AUTO_INCREMENT, AUTO_INCREMENT=45;

--
-- AUTO_INCREMENT for table `users`
--
ALTER TABLE `users`
  MODIFY `id` bigint(20) UNSIGNED NOT NULL AUTO_INCREMENT, AUTO_INCREMENT=466;

--
-- Constraints for dumped tables
--

--
-- Constraints for table `answers`
--
ALTER TABLE `answers`
  ADD CONSTRAINT `answers_m_c_q_s_id_foreign` FOREIGN KEY (`m_c_q_s_id`) REFERENCES `m_c_q_s` (`id`),
  ADD CONSTRAINT `answers_survey_id_foreign` FOREIGN KEY (`survey_id`) REFERENCES `surveys` (`id`),
  ADD CONSTRAINT `answers_user_id_foreign` FOREIGN KEY (`user_id`) REFERENCES `users` (`id`);

--
-- Constraints for table `database__names`
--
ALTER TABLE `database__names`
  ADD CONSTRAINT `database__names_category_id_foreign` FOREIGN KEY (`category_id`) REFERENCES `categories` (`id`);

--
-- Constraints for table `m_c_q_s`
--
ALTER TABLE `m_c_q_s`
  ADD CONSTRAINT `m_c_q_s_category_id_foreign` FOREIGN KEY (`category_id`) REFERENCES `categories` (`id`);

--
-- Constraints for table `users`
--
ALTER TABLE `users`
  ADD CONSTRAINT `users_database__name_id_foreign` FOREIGN KEY (`database__name_id`) REFERENCES `database__names` (`id`);
COMMIT;

/*!40101 SET CHARACTER_SET_CLIENT=@OLD_CHARACTER_SET_CLIENT */;
/*!40101 SET CHARACTER_SET_RESULTS=@OLD_CHARACTER_SET_RESULTS */;
/*!40101 SET COLLATION_CONNECTION=@OLD_COLLATION_CONNECTION */;
