-- phpMyAdmin SQL Dump
-- version 5.1.1
-- https://www.phpmyadmin.net/
--
-- Host: 127.0.0.1
-- Generation Time: Dec 20, 2021 at 12:25 PM
-- Server version: 10.4.20-MariaDB
-- PHP Version: 7.4.22

SET SQL_MODE = "NO_AUTO_VALUE_ON_ZERO";
START TRANSACTION;
SET time_zone = "+00:00";


/*!40101 SET @OLD_CHARACTER_SET_CLIENT=@@CHARACTER_SET_CLIENT */;
/*!40101 SET @OLD_CHARACTER_SET_RESULTS=@@CHARACTER_SET_RESULTS */;
/*!40101 SET @OLD_COLLATION_CONNECTION=@@COLLATION_CONNECTION */;
/*!40101 SET NAMES utf8mb4 */;

--
-- Database: `survey_app`
--

-- --------------------------------------------------------

--
-- Table structure for table `answers`
--

CREATE TABLE `answers` (
  `id` bigint(20) UNSIGNED NOT NULL,
  `survey_id` bigint(20) UNSIGNED NOT NULL,
  `user_id` bigint(20) UNSIGNED NOT NULL,
  `question_id` bigint(20) UNSIGNED NOT NULL,
  `m_c_q_s_id` bigint(20) UNSIGNED NOT NULL,
  `created_at` timestamp NULL DEFAULT NULL,
  `updated_at` timestamp NULL DEFAULT NULL
) ENGINE=InnoDB DEFAULT CHARSET=utf8mb4 COLLATE=utf8mb4_unicode_ci;

-- --------------------------------------------------------

--
-- Table structure for table `categories`
--

CREATE TABLE `categories` (
  `id` bigint(20) UNSIGNED NOT NULL,
  `cat_name` varchar(255) COLLATE utf8mb4_unicode_ci NOT NULL,
  `cat_color` varchar(255) COLLATE utf8mb4_unicode_ci NOT NULL,
  `created_at` timestamp NULL DEFAULT NULL,
  `updated_at` timestamp NULL DEFAULT NULL
) ENGINE=InnoDB DEFAULT CHARSET=utf8mb4 COLLATE=utf8mb4_unicode_ci;

--
-- Dumping data for table `categories`
--

INSERT INTO `categories` (`id`, `cat_name`, `cat_color`, `created_at`, `updated_at`) VALUES
(1, 'NENE', '#eb1a5f', '2021-12-17 05:08:26', '2021-12-17 05:08:26'),
(2, 'PHILIP', '#1d1aeb', '2021-12-17 05:08:46', '2021-12-17 05:08:46'),
(3, 'ERIC', '#23db32', '2021-12-17 05:09:22', '2021-12-17 05:09:22');

-- --------------------------------------------------------

--
-- Table structure for table `database__names`
--

CREATE TABLE `database__names` (
  `id` bigint(20) UNSIGNED NOT NULL,
  `db_name` varchar(255) COLLATE utf8mb4_unicode_ci NOT NULL,
  `category_id` bigint(20) UNSIGNED NOT NULL,
  `created_at` timestamp NULL DEFAULT NULL,
  `updated_at` timestamp NULL DEFAULT NULL
) ENGINE=InnoDB DEFAULT CHARSET=utf8mb4 COLLATE=utf8mb4_unicode_ci;

--
-- Dumping data for table `database__names`
--

INSERT INTO `database__names` (`id`, `db_name`, `category_id`, `created_at`, `updated_at`) VALUES
(1, 'N_Barangay 1', 1, '2021-12-17 05:13:53', '2021-12-17 05:13:53'),
(2, 'N_Barangay 2', 1, '2021-12-17 05:14:17', '2021-12-17 05:14:17'),
(3, 'N_Barangay 3', 1, '2021-12-17 05:14:20', '2021-12-17 05:14:20'),
(4, 'N_Barangay 4', 1, '2021-12-17 05:14:23', '2021-12-17 05:14:23'),
(5, 'N_Barangay 5', 1, '2021-12-17 05:14:25', '2021-12-17 05:14:25'),
(6, 'N_Barangay 6', 1, '2021-12-17 05:14:28', '2021-12-17 05:14:28'),
(7, 'N_Barangay 7', 1, '2021-12-17 05:14:31', '2021-12-17 05:14:31'),
(8, 'N_Barangay 8', 1, '2021-12-17 05:14:34', '2021-12-17 05:14:34'),
(9, 'N_Payompon', 1, '2021-12-17 05:14:49', '2021-12-17 05:14:49'),
(10, 'N_Balansay', 1, '2021-12-17 05:15:04', '2021-12-17 05:15:04'),
(11, 'N_Fatima', 1, '2021-12-17 05:15:50', '2021-12-17 05:15:50'),
(12, 'N_SanLuis', 1, '2021-12-17 05:16:07', '2021-12-17 05:16:07'),
(13, 'N_Talabaan', 1, '2021-12-17 05:16:17', '2021-12-17 05:16:17'),
(14, 'N_Tangkalan', 1, '2021-12-17 05:16:26', '2021-12-17 05:16:26'),
(15, 'N_Tayamaan', 1, '2021-12-17 05:16:35', '2021-12-17 05:16:35'),
(16, 'P_Barangay 1', 2, '2021-12-17 05:17:10', '2021-12-17 05:17:10'),
(17, 'P_Barangay 2', 2, '2021-12-17 05:17:52', '2021-12-17 05:17:52'),
(18, 'P_Barangay 3', 2, '2021-12-17 05:17:54', '2021-12-17 05:17:54'),
(19, 'P_Barangay 4', 2, '2021-12-17 05:17:57', '2021-12-17 05:17:57'),
(20, 'P_Barangay 5', 2, '2021-12-17 05:18:00', '2021-12-17 05:18:00'),
(21, 'P_Barangay 6', 2, '2021-12-17 05:18:02', '2021-12-17 05:18:02'),
(22, 'P_Barangay 7', 2, '2021-12-17 05:18:05', '2021-12-17 05:18:05'),
(23, 'P_Barangay 8', 2, '2021-12-17 05:18:07', '2021-12-17 05:18:07'),
(24, 'P_Payompon', 2, '2021-12-17 05:18:24', '2021-12-17 05:18:24'),
(25, 'P_Balansay', 2, '2021-12-17 05:19:13', '2021-12-17 05:19:13'),
(26, 'P_Fatima', 2, '2021-12-17 05:19:24', '2021-12-17 05:19:24'),
(27, 'P_SanLuis', 2, '2021-12-17 05:19:31', '2021-12-17 05:19:31'),
(28, 'P_Talabaan', 2, '2021-12-17 05:19:41', '2021-12-17 05:19:41'),
(29, 'P_Tangkalan', 2, '2021-12-17 05:19:50', '2021-12-17 05:19:50'),
(30, 'P_Tayamaan', 2, '2021-12-17 05:19:58', '2021-12-17 05:19:58'),
(31, 'E_Barangay 1', 3, '2021-12-17 05:21:17', '2021-12-17 05:21:17'),
(32, 'E_Barangay 2', 3, '2021-12-17 05:23:20', '2021-12-17 05:23:20'),
(33, 'E_Barangay 3', 3, '2021-12-17 05:27:37', '2021-12-17 05:27:37'),
(34, 'E_Barangay 4', 3, '2021-12-17 05:27:54', '2021-12-17 05:27:54'),
(35, 'E_Barangay 5', 3, '2021-12-17 05:27:57', '2021-12-17 05:27:57'),
(36, 'E_Barangay 6', 3, '2021-12-17 05:28:00', '2021-12-17 05:28:00'),
(37, 'E_Barangay 7', 3, '2021-12-17 05:28:02', '2021-12-17 05:28:02'),
(38, 'E_Barangay 8', 3, '2021-12-17 05:28:05', '2021-12-17 05:28:05'),
(39, 'E_Payompon', 3, '2021-12-17 05:28:20', '2021-12-17 05:28:20'),
(40, 'E_Balansay', 3, '2021-12-17 05:28:34', '2021-12-17 05:28:34'),
(41, 'E_Fatima', 3, '2021-12-17 05:28:44', '2021-12-17 05:28:44'),
(42, 'E_SanLuis', 3, '2021-12-17 05:28:52', '2021-12-17 05:28:52'),
(43, 'E_Talabaan', 3, '2021-12-17 05:29:00', '2021-12-17 05:29:00'),
(44, 'E_Tangkalan', 3, '2021-12-17 05:29:08', '2021-12-17 05:29:08'),
(45, 'E_Tayamaan', 3, '2021-12-17 05:29:15', '2021-12-17 05:29:15');

-- --------------------------------------------------------

--
-- Table structure for table `migrations`
--

CREATE TABLE `migrations` (
  `id` int(10) UNSIGNED NOT NULL,
  `migration` varchar(255) COLLATE utf8mb4_unicode_ci NOT NULL,
  `batch` int(11) NOT NULL
) ENGINE=InnoDB DEFAULT CHARSET=utf8mb4 COLLATE=utf8mb4_unicode_ci;

--
-- Dumping data for table `migrations`
--

INSERT INTO `migrations` (`id`, `migration`, `batch`) VALUES
(1, '2019_12_14_000001_create_personal_access_tokens_table', 1),
(2, '2021_12_15_182930_create_categories_table', 1),
(3, '2021_12_15_183401_create_database__names_table', 1),
(4, '2021_12_15_183507_create_users_table', 1),
(5, '2021_12_15_183826_create_m_c_q_s_table', 1),
(6, '2021_12_16_060719_create_surveys_table', 1),
(7, '2021_12_16_060903_create_answers_table', 1);

-- --------------------------------------------------------

--
-- Table structure for table `m_c_q_s`
--

CREATE TABLE `m_c_q_s` (
  `id` bigint(20) UNSIGNED NOT NULL,
  `mcq` char(1) COLLATE utf8mb4_unicode_ci NOT NULL,
  `category_id` bigint(20) UNSIGNED NOT NULL,
  `created_at` timestamp NULL DEFAULT NULL,
  `updated_at` timestamp NULL DEFAULT NULL
) ENGINE=InnoDB DEFAULT CHARSET=utf8mb4 COLLATE=utf8mb4_unicode_ci;

--
-- Dumping data for table `m_c_q_s`
--

INSERT INTO `m_c_q_s` (`id`, `mcq`, `category_id`, `created_at`, `updated_at`) VALUES
(1, 'N', 1, '2021-12-17 05:10:13', '2021-12-17 05:10:13'),
(2, 'G', 1, '2021-12-17 05:10:16', '2021-12-17 05:10:16'),
(3, 'U', 1, '2021-12-17 05:10:18', '2021-12-17 05:10:18'),
(4, 'P', 2, '2021-12-17 05:11:08', '2021-12-17 05:11:08'),
(5, 'T', 2, '2021-12-17 05:11:11', '2021-12-17 05:11:11'),
(6, 'A', 2, '2021-12-17 05:11:14', '2021-12-17 05:11:14'),
(7, 'L', 2, '2021-12-17 05:11:18', '2021-12-17 05:11:18'),
(8, 'M', 2, '2021-12-17 05:11:21', '2021-12-17 05:11:21'),
(9, 'V', 2, '2021-12-17 05:11:24', '2021-12-17 05:11:24'),
(10, 'U', 2, '2021-12-17 05:11:27', '2021-12-17 05:11:27'),
(11, 'E', 3, '2021-12-17 05:11:46', '2021-12-17 05:11:46'),
(12, 'D', 3, '2021-12-17 05:11:49', '2021-12-17 05:11:49'),
(13, 'U', 3, '2021-12-17 05:11:52', '2021-12-17 05:11:52');

-- --------------------------------------------------------

--
-- Table structure for table `personal_access_tokens`
--

CREATE TABLE `personal_access_tokens` (
  `id` bigint(20) UNSIGNED NOT NULL,
  `tokenable_type` varchar(255) COLLATE utf8mb4_unicode_ci NOT NULL,
  `tokenable_id` bigint(20) UNSIGNED NOT NULL,
  `name` varchar(255) COLLATE utf8mb4_unicode_ci NOT NULL,
  `token` varchar(64) COLLATE utf8mb4_unicode_ci NOT NULL,
  `abilities` text COLLATE utf8mb4_unicode_ci DEFAULT NULL,
  `last_used_at` timestamp NULL DEFAULT NULL,
  `created_at` timestamp NULL DEFAULT NULL,
  `updated_at` timestamp NULL DEFAULT NULL
) ENGINE=InnoDB DEFAULT CHARSET=utf8mb4 COLLATE=utf8mb4_unicode_ci;

-- --------------------------------------------------------

--
-- Table structure for table `surveys`
--

CREATE TABLE `surveys` (
  `id` bigint(20) UNSIGNED NOT NULL,
  `status` varchar(255) COLLATE utf8mb4_unicode_ci NOT NULL,
  `created_at` timestamp NULL DEFAULT NULL,
  `updated_at` timestamp NULL DEFAULT NULL
) ENGINE=InnoDB DEFAULT CHARSET=utf8mb4 COLLATE=utf8mb4_unicode_ci;

-- --------------------------------------------------------

--
-- Table structure for table `users`
--

CREATE TABLE `users` (
  `id` bigint(20) UNSIGNED NOT NULL,
  `pass_word` varchar(255) COLLATE utf8mb4_unicode_ci NOT NULL,
  `table_name` varchar(255) COLLATE utf8mb4_unicode_ci NOT NULL,
  `database__name_id` bigint(20) UNSIGNED NOT NULL,
  `created_at` timestamp NULL DEFAULT NULL,
  `updated_at` timestamp NULL DEFAULT NULL
) ENGINE=InnoDB DEFAULT CHARSET=utf8mb4 COLLATE=utf8mb4_unicode_ci;

--
-- Dumping data for table `users`
--

INSERT INTO `users` (`id`, `pass_word`, `table_name`, `database__name_id`, `created_at`, `updated_at`) VALUES
(1, 'NPassword1', 'N-0001A', 1, '2021-12-17 05:35:50', '2021-12-17 05:35:50'),
(2, 'NPassword2', 'N-0002A', 1, '2021-12-17 05:36:30', '2021-12-17 05:36:30'),
(3, 'NPassword3', 'N-0003A', 2, '2021-12-17 05:46:25', '2021-12-17 05:46:25'),
(4, 'NPassword4', 'N-0003B', 2, '2021-12-17 05:46:25', '2021-12-17 05:46:25'),
(5, 'NPassword5', 'N-0004A', 2, '2021-12-17 05:46:25', '2021-12-17 05:46:25'),
(6, 'NPassword6', 'N-0004B', 2, '2021-12-17 05:46:25', '2021-12-17 05:46:25'),
(7, 'NPassword7', 'N-0005A', 2, '2021-12-17 05:46:25', '2021-12-17 05:46:25'),
(8, 'NPassword8', 'N-0005B', 2, '2021-12-17 05:46:25', '2021-12-17 05:46:25'),
(9, 'NPassword9', 'N-0006A', 2, '2021-12-17 05:46:25', '2021-12-17 05:46:25'),
(10, 'NPassword10', 'N-0006B', 2, '2021-12-17 05:46:25', '2021-12-17 05:46:25'),
(11, 'NPassword11', 'N-0007A', 2, '2021-12-17 05:46:25', '2021-12-17 05:46:25'),
(12, 'NPassword12', 'N-0008A', 3, '2021-12-17 05:46:25', '2021-12-17 05:46:25'),
(13, 'NPassword13', 'N-0009A', 3, '2021-12-17 05:46:25', '2021-12-17 05:46:25'),
(14, 'NPassword14', 'N-0009P1', 3, '2021-12-17 05:46:25', '2021-12-17 05:46:25'),
(15, 'NPassword15', 'N-00010A', 4, '2021-12-17 05:46:25', '2021-12-17 05:46:25'),
(16, 'NPassword16', 'N-00011A', 4, '2021-12-17 05:46:25', '2021-12-17 05:46:25'),
(17, 'NPassword17', 'N-00012A', 4, '2021-12-17 05:46:25', '2021-12-17 05:46:25'),
(18, 'NPassword18', 'N-00013A', 4, '2021-12-17 05:46:25', '2021-12-17 05:46:25'),
(19, 'NPassword19', 'N-00014A', 5, '2021-12-17 05:46:25', '2021-12-17 05:46:25'),
(20, 'NPassword20', 'N-00014B', 5, '2021-12-17 05:46:25', '2021-12-17 05:46:25'),
(21, 'NPassword21', 'N-00015A', 5, '2021-12-17 05:46:25', '2021-12-17 05:46:25'),
(22, 'NPassword22', 'N-00015P1', 5, '2021-12-17 05:46:25', '2021-12-17 05:46:25'),
(23, 'NPassword23', 'N-00016A', 6, '2021-12-17 05:46:25', '2021-12-17 05:46:25'),
(24, 'NPassword24', 'N-00016B', 6, '2021-12-17 05:46:25', '2021-12-17 05:46:25'),
(25, 'NPassword25', 'N-00017A', 6, '2021-12-17 05:46:25', '2021-12-17 05:46:25'),
(26, 'NPassword26', 'N-00018A', 6, '2021-12-17 05:46:25', '2021-12-17 05:46:25'),
(27, 'NPassword27', 'N-00019A', 6, '2021-12-17 05:46:25', '2021-12-17 05:46:25'),
(28, 'NPassword28', 'N-00020A', 7, '2021-12-17 05:46:25', '2021-12-17 05:46:25'),
(29, 'NPassword29', 'N-00021A', 7, '2021-12-17 05:46:25', '2021-12-17 05:46:25'),
(30, 'NPassword30', 'N-00022A', 7, '2021-12-17 05:46:25', '2021-12-17 05:46:25'),
(31, 'NPassword31', 'N-00022B', 7, '2021-12-17 05:46:25', '2021-12-17 05:46:25'),
(32, 'NPassword32', 'N-00022C', 7, '2021-12-17 05:46:25', '2021-12-17 05:46:25'),
(33, 'NPassword33', 'N-00022D', 7, '2021-12-17 05:46:25', '2021-12-17 05:46:25'),
(34, 'NPassword34', 'N-00023A', 7, '2021-12-17 05:46:25', '2021-12-17 05:46:25'),
(35, 'NPassword35', 'N-00023B', 7, '2021-12-17 05:46:25', '2021-12-17 05:46:25'),
(36, 'NPassword36', 'N-00024A', 7, '2021-12-17 05:46:25', '2021-12-17 05:46:25'),
(37, 'NPassword37', 'N-00024B', 7, '2021-12-17 05:46:25', '2021-12-17 05:46:25'),
(38, 'NPassword38', 'N-00025A', 8, '2021-12-17 05:46:25', '2021-12-17 05:46:25'),
(39, 'NPassword39', 'N-00025B', 8, '2021-12-17 05:46:25', '2021-12-17 05:46:25'),
(40, 'NPassword40', 'N-00026A', 8, '2021-12-17 05:46:25', '2021-12-17 05:46:25'),
(41, 'NPassword41', 'N-00026B', 8, '2021-12-17 05:46:25', '2021-12-17 05:46:25'),
(42, 'NPassword42', 'N-00027A', 8, '2021-12-17 05:46:25', '2021-12-17 05:46:25'),
(43, 'NPassword43', 'N-00028A', 9, '2021-12-17 05:46:25', '2021-12-17 05:46:25'),
(44, 'NPassword44', 'N-00028B', 9, '2021-12-17 05:46:25', '2021-12-17 05:46:25'),
(45, 'NPassword45', 'N-00029A', 9, '2021-12-17 05:46:25', '2021-12-17 05:46:25'),
(46, 'NPassword46', 'N-00029B', 9, '2021-12-17 05:46:25', '2021-12-17 05:46:25'),
(47, 'NPassword47', 'N-00029C', 9, '2021-12-17 05:46:25', '2021-12-17 05:46:25'),
(48, 'NPassword48', 'N-00030A', 9, '2021-12-17 05:46:25', '2021-12-17 05:46:25'),
(49, 'NPassword49', 'N-00031A', 9, '2021-12-17 05:46:25', '2021-12-17 05:46:25'),
(50, 'NPassword50', 'N-00032A', 9, '2021-12-17 05:46:25', '2021-12-17 05:46:25'),
(51, 'NPassword51', 'N-00033A', 9, '2021-12-17 05:46:25', '2021-12-17 05:46:25'),
(52, 'NPassword52', 'N-00034A', 9, '2021-12-17 05:46:25', '2021-12-17 05:46:25'),
(53, 'NPassword53', 'N-00035A', 9, '2021-12-17 05:46:25', '2021-12-17 05:46:25'),
(54, 'NPassword54', 'N-00036A', 9, '2021-12-17 05:46:25', '2021-12-17 05:46:25'),
(55, 'NPassword55', 'N-00037A', 9, '2021-12-17 05:46:25', '2021-12-17 05:46:25'),
(56, 'NPassword56', 'N-00038A', 9, '2021-12-17 05:46:25', '2021-12-17 05:46:25'),
(57, 'NPassword57', 'N-00038B', 9, '2021-12-17 05:46:25', '2021-12-17 05:46:25'),
(58, 'NPassword58', 'N-00038C', 9, '2021-12-17 05:46:25', '2021-12-17 05:46:25'),
(59, 'NPassword59', 'N-00038D', 9, '2021-12-17 05:46:25', '2021-12-17 05:46:25'),
(60, 'NPassword60', 'N-00038E', 9, '2021-12-17 05:46:25', '2021-12-17 05:46:25'),
(61, 'NPassword61', 'N-00039A', 9, '2021-12-17 05:46:25', '2021-12-17 05:46:25'),
(62, 'NPassword62', 'N-00040A', 9, '2021-12-17 05:46:25', '2021-12-17 05:46:25'),
(63, 'NPassword63', 'N-00041A', 9, '2021-12-17 05:46:25', '2021-12-17 05:46:25'),
(64, 'NPassword64', 'N-00041B', 9, '2021-12-17 05:46:25', '2021-12-17 05:46:25'),
(65, 'NPassword65', 'N-00042A', 9, '2021-12-17 05:46:25', '2021-12-17 05:46:25'),
(66, 'NPassword66', 'N-00042B', 9, '2021-12-17 05:46:25', '2021-12-17 05:46:25'),
(67, 'NPassword67', 'N-00042C', 9, '2021-12-17 05:46:25', '2021-12-17 05:46:25'),
(68, 'NPassword68', 'N-00043A', 9, '2021-12-17 05:46:25', '2021-12-17 05:46:25'),
(69, 'NPassword69', 'N-00043B', 9, '2021-12-17 05:46:25', '2021-12-17 05:46:25'),
(70, 'NPassword70', 'N-00043C', 9, '2021-12-17 05:46:25', '2021-12-17 05:46:25'),
(71, 'NPassword71', 'N-00044A', 9, '2021-12-17 05:46:25', '2021-12-17 05:46:25'),
(72, 'NPassword72', 'N-00044B', 9, '2021-12-17 05:46:25', '2021-12-17 05:46:25'),
(73, 'NPassword73', 'N-00044C', 9, '2021-12-17 05:46:25', '2021-12-17 05:46:25'),
(74, 'NPassword74', 'N-00045A', 9, '2021-12-17 05:46:25', '2021-12-17 05:46:25'),
(75, 'NPassword75', 'N-00045B', 9, '2021-12-17 05:46:25', '2021-12-17 05:46:25'),
(76, 'NPassword76', 'N-00045C', 9, '2021-12-17 05:46:25', '2021-12-17 05:46:25'),
(77, 'NPassword77', 'N-00045D', 9, '2021-12-17 05:46:25', '2021-12-17 05:46:25'),
(78, 'NPassword78', 'N-00045P1', 9, '2021-12-17 05:46:25', '2021-12-17 05:46:25'),
(79, 'NPassword79', 'N-00046A', 10, '2021-12-17 05:46:25', '2021-12-17 05:46:25'),
(80, 'NPassword80', 'N-00046B', 10, '2021-12-17 05:46:25', '2021-12-17 05:46:25'),
(81, 'NPassword81', 'N-00046C', 10, '2021-12-17 05:46:25', '2021-12-17 05:46:25'),
(82, 'NPassword82', 'N-00047A', 10, '2021-12-17 05:46:25', '2021-12-17 05:46:25'),
(83, 'NPassword83', 'N-00047B', 10, '2021-12-17 05:46:25', '2021-12-17 05:46:25'),
(84, 'NPassword84', 'N-00047C', 10, '2021-12-17 05:46:25', '2021-12-17 05:46:25'),
(85, 'NPassword85', 'N-00048A', 10, '2021-12-17 05:46:25', '2021-12-17 05:46:25'),
(86, 'NPassword86', 'N-00048B', 10, '2021-12-17 05:46:25', '2021-12-17 05:46:25'),
(87, 'NPassword87', 'N-00049A', 10, '2021-12-17 05:46:25', '2021-12-17 05:46:25'),
(88, 'NPassword88', 'N-00049B', 10, '2021-12-17 05:46:25', '2021-12-17 05:46:25'),
(89, 'NPassword89', 'N-00049C', 10, '2021-12-17 05:46:25', '2021-12-17 05:46:25'),
(90, 'NPassword90', 'N-00050A', 10, '2021-12-17 05:46:25', '2021-12-17 05:46:25'),
(91, 'NPassword91', 'N-00050B', 10, '2021-12-17 05:46:25', '2021-12-17 05:46:25'),
(92, 'NPassword92', 'N-00051A', 10, '2021-12-17 05:46:25', '2021-12-17 05:46:25'),
(93, 'NPassword93', 'N-00052A', 10, '2021-12-17 05:46:25', '2021-12-17 05:46:25'),
(94, 'NPassword94', 'N-00053A', 10, '2021-12-17 05:46:25', '2021-12-17 05:46:25'),
(95, 'NPassword95', 'N-00053B', 10, '2021-12-17 05:46:25', '2021-12-17 05:46:25'),
(96, 'NPassword96', 'N-00054A', 10, '2021-12-17 05:46:25', '2021-12-17 05:46:25'),
(97, 'NPassword97', 'N-00055A', 10, '2021-12-17 05:46:25', '2021-12-17 05:46:25'),
(98, 'NPassword98', 'N-00055B', 10, '2021-12-17 05:46:25', '2021-12-17 05:46:25'),
(99, 'NPassword99', 'N-00056A', 10, '2021-12-17 05:46:25', '2021-12-17 05:46:25'),
(100, 'NPassword100', 'N-00057A', 11, '2021-12-17 05:46:25', '2021-12-17 05:46:25'),
(101, 'NPassword101', 'N-00058A', 11, '2021-12-17 05:46:25', '2021-12-17 05:46:25'),
(102, 'NPassword102', 'N-00059A', 11, '2021-12-17 05:46:25', '2021-12-17 05:46:25'),
(103, 'NPassword103', 'N-00060A', 11, '2021-12-17 05:46:25', '2021-12-17 05:46:25'),
(104, 'NPassword104', 'N-00061A', 11, '2021-12-17 05:46:25', '2021-12-17 05:46:25'),
(105, 'NPassword105', 'N-00062A', 11, '2021-12-17 05:46:25', '2021-12-17 05:46:25'),
(106, 'NPassword106', 'N-00063A', 12, '2021-12-17 05:46:25', '2021-12-17 05:46:25'),
(107, 'NPassword107', 'N-00063B', 12, '2021-12-17 05:46:25', '2021-12-17 05:46:25'),
(108, 'NPassword108', 'N-00064A', 12, '2021-12-17 05:46:25', '2021-12-17 05:46:25'),
(109, 'NPassword109', 'N-00064B', 12, '2021-12-17 05:46:25', '2021-12-17 05:46:25'),
(110, 'NPassword110', 'N-00065A', 12, '2021-12-17 05:46:26', '2021-12-17 05:46:26'),
(111, 'NPassword111', 'N-00066A', 13, '2021-12-17 05:46:26', '2021-12-17 05:46:26'),
(112, 'NPassword112', 'N-00066B', 13, '2021-12-17 05:46:26', '2021-12-17 05:46:26'),
(113, 'NPassword113', 'N-00066C', 13, '2021-12-17 05:46:26', '2021-12-17 05:46:26'),
(114, 'NPassword114', 'N-00067A', 13, '2021-12-17 05:46:26', '2021-12-17 05:46:26'),
(115, 'NPassword115', 'N-00067B', 13, '2021-12-17 05:46:26', '2021-12-17 05:46:26'),
(116, 'NPassword116', 'N-00068A', 13, '2021-12-17 05:46:26', '2021-12-17 05:46:26'),
(117, 'NPassword117', 'N-00069A', 13, '2021-12-17 05:46:26', '2021-12-17 05:46:26'),
(118, 'NPassword118', 'N-00069B', 13, '2021-12-17 05:46:26', '2021-12-17 05:46:26'),
(119, 'NPassword119', 'N-00070A', 13, '2021-12-17 05:46:26', '2021-12-17 05:46:26'),
(120, 'NPassword120', 'N-00070B', 13, '2021-12-17 05:46:26', '2021-12-17 05:46:26'),
(121, 'NPassword121', 'N-00071A', 14, '2021-12-17 05:46:26', '2021-12-17 05:46:26'),
(122, 'NPassword122', 'N-00071B', 14, '2021-12-17 05:46:26', '2021-12-17 05:46:26'),
(123, 'NPassword123', 'N-00072A', 14, '2021-12-17 05:46:26', '2021-12-17 05:46:26'),
(124, 'NPassword124', 'N-00072B', 14, '2021-12-17 05:46:26', '2021-12-17 05:46:26'),
(125, 'NPassword125', 'N-00073A', 14, '2021-12-17 05:46:26', '2021-12-17 05:46:26'),
(126, 'NPassword126', 'N-00073B', 14, '2021-12-17 05:46:26', '2021-12-17 05:46:26'),
(127, 'NPassword127', 'N-00073C', 14, '2021-12-17 05:46:26', '2021-12-17 05:46:26'),
(128, 'NPassword128', 'N-00074A', 14, '2021-12-17 05:46:26', '2021-12-17 05:46:26'),
(129, 'NPassword129', 'N-00074B', 14, '2021-12-17 05:46:26', '2021-12-17 05:46:26'),
(130, 'NPassword130', 'N-00074C', 14, '2021-12-17 05:46:26', '2021-12-17 05:46:26'),
(131, 'NPassword131', 'N-00075A', 15, '2021-12-17 05:46:26', '2021-12-17 05:46:26'),
(132, 'NPassword132', 'N-00075B', 15, '2021-12-17 05:46:26', '2021-12-17 05:46:26'),
(133, 'NPassword133', 'N-00075C', 15, '2021-12-17 05:46:26', '2021-12-17 05:46:26'),
(134, 'NPassword134', 'N-00075D', 15, '2021-12-17 05:46:26', '2021-12-17 05:46:26'),
(135, 'NPassword135', 'N-00075E', 15, '2021-12-17 05:46:26', '2021-12-17 05:46:26'),
(136, 'NPassword136', 'N-00076A', 15, '2021-12-17 05:46:26', '2021-12-17 05:46:26'),
(137, 'NPassword137', 'N-00076B', 15, '2021-12-17 05:46:26', '2021-12-17 05:46:26'),
(138, 'NPassword138', 'N-00076C', 15, '2021-12-17 05:46:26', '2021-12-17 05:46:26'),
(139, 'NPassword139', 'N-00077A', 15, '2021-12-17 05:46:26', '2021-12-17 05:46:26'),
(140, 'NPassword140', 'N-00077B', 15, '2021-12-17 05:46:26', '2021-12-17 05:46:26'),
(141, 'NPassword141', 'N-00077C', 15, '2021-12-17 05:46:26', '2021-12-17 05:46:26'),
(142, 'NPassword142', 'N-00078A', 15, '2021-12-17 05:46:26', '2021-12-17 05:46:26'),
(143, 'NPassword143', 'N-00078B', 15, '2021-12-17 05:46:26', '2021-12-17 05:46:26'),
(144, 'NPassword144', 'N-00078C', 15, '2021-12-17 05:46:26', '2021-12-17 05:46:26'),
(145, 'NPassword145', 'N-00078D', 15, '2021-12-17 05:46:26', '2021-12-17 05:46:26'),
(146, 'NPassword146', 'N-00079A', 15, '2021-12-17 05:46:26', '2021-12-17 05:46:26'),
(147, 'NPassword147', 'N-00079B', 15, '2021-12-17 05:46:26', '2021-12-17 05:46:26'),
(148, 'NPassword148', 'N-00080A', 15, '2021-12-17 05:46:26', '2021-12-17 05:46:26'),
(149, 'NPassword149', 'N-00080B', 15, '2021-12-17 05:46:26', '2021-12-17 05:46:26'),
(150, 'NPassword150', 'N-00081A', 15, '2021-12-17 05:46:26', '2021-12-17 05:46:26'),
(151, 'NPassword151', 'N-00081B', 15, '2021-12-17 05:46:26', '2021-12-17 05:46:26'),
(152, 'NPassword152', 'N-00081C', 15, '2021-12-17 05:46:26', '2021-12-17 05:46:26'),
(153, 'NPassword153', 'N-00082A', 15, '2021-12-17 05:46:26', '2021-12-17 05:46:26'),
(154, 'NPassword154', 'N-00082B', 15, '2021-12-17 05:46:26', '2021-12-17 05:46:26'),
(155, 'NPassword155', 'N-00082C', 15, '2021-12-17 05:46:26', '2021-12-17 05:46:26'),
(156, 'PPassword1', 'P-0001A', 16, '2021-12-17 05:49:19', '2021-12-17 05:49:19'),
(157, 'PPassword2', 'P-0002A', 16, '2021-12-17 05:49:19', '2021-12-17 05:49:19'),
(158, 'PPassword3', 'P-0003A', 17, '2021-12-17 05:49:19', '2021-12-17 05:49:19'),
(159, 'PPassword4', 'P-0003B', 17, '2021-12-17 05:49:19', '2021-12-17 05:49:19'),
(160, 'PPassword5', 'P-0004A', 17, '2021-12-17 05:49:19', '2021-12-17 05:49:19'),
(161, 'PPassword6', 'P-0004B', 17, '2021-12-17 05:49:19', '2021-12-17 05:49:19'),
(162, 'PPassword7', 'P-0005A', 17, '2021-12-17 05:49:19', '2021-12-17 05:49:19'),
(163, 'PPassword8', 'P-0005B', 17, '2021-12-17 05:49:19', '2021-12-17 05:49:19'),
(164, 'PPassword9', 'P-0006A', 17, '2021-12-17 05:49:19', '2021-12-17 05:49:19'),
(165, 'PPassword10', 'P-0006B', 17, '2021-12-17 05:49:19', '2021-12-17 05:49:19'),
(166, 'PPassword11', 'P-0007A', 17, '2021-12-17 05:49:19', '2021-12-17 05:49:19'),
(167, 'PPassword12', 'P-0008A', 18, '2021-12-17 05:49:19', '2021-12-17 05:49:19'),
(168, 'PPassword13', 'P-0009A', 18, '2021-12-17 05:49:19', '2021-12-17 05:49:19'),
(169, 'PPassword14', 'P-0009P1', 18, '2021-12-17 05:49:19', '2021-12-17 05:49:19'),
(170, 'PPassword15', 'P-00010A', 19, '2021-12-17 05:49:19', '2021-12-17 05:49:19'),
(171, 'PPassword16', 'P-00011A', 19, '2021-12-17 05:49:19', '2021-12-17 05:49:19'),
(172, 'PPassword17', 'P-00012A', 19, '2021-12-17 05:49:19', '2021-12-17 05:49:19'),
(173, 'PPassword18', 'P-00013A', 19, '2021-12-17 05:49:19', '2021-12-17 05:49:19'),
(174, 'PPassword19', 'P-00014A', 20, '2021-12-17 05:49:19', '2021-12-17 05:49:19'),
(175, 'PPassword20', 'P-00014B', 20, '2021-12-17 05:49:19', '2021-12-17 05:49:19'),
(176, 'PPassword21', 'P-00015A', 20, '2021-12-17 05:49:20', '2021-12-17 05:49:20'),
(177, 'PPassword22', 'P-00015P1', 20, '2021-12-17 05:49:20', '2021-12-17 05:49:20'),
(178, 'PPassword23', 'P-00016A', 21, '2021-12-17 05:49:20', '2021-12-17 05:49:20'),
(179, 'PPassword24', 'P-00016B', 21, '2021-12-17 05:49:20', '2021-12-17 05:49:20'),
(180, 'PPassword25', 'P-00017A', 21, '2021-12-17 05:49:20', '2021-12-17 05:49:20'),
(181, 'PPassword26', 'P-00018A', 21, '2021-12-17 05:49:20', '2021-12-17 05:49:20'),
(182, 'PPassword27', 'P-00019A', 21, '2021-12-17 05:49:20', '2021-12-17 05:49:20'),
(183, 'PPassword28', 'P-00020A', 22, '2021-12-17 05:49:20', '2021-12-17 05:49:20'),
(184, 'PPassword29', 'P-00021A', 22, '2021-12-17 05:49:20', '2021-12-17 05:49:20'),
(185, 'PPassword30', 'P-00022A', 22, '2021-12-17 05:49:20', '2021-12-17 05:49:20'),
(186, 'PPassword31', 'P-00022B', 22, '2021-12-17 05:49:20', '2021-12-17 05:49:20'),
(187, 'PPassword32', 'P-00022C', 22, '2021-12-17 05:49:20', '2021-12-17 05:49:20'),
(188, 'PPassword33', 'P-00022D', 22, '2021-12-17 05:49:20', '2021-12-17 05:49:20'),
(189, 'PPassword34', 'P-00023A', 22, '2021-12-17 05:49:20', '2021-12-17 05:49:20'),
(190, 'PPassword35', 'P-00023B', 22, '2021-12-17 05:49:20', '2021-12-17 05:49:20'),
(191, 'PPassword36', 'P-00024A', 22, '2021-12-17 05:49:20', '2021-12-17 05:49:20'),
(192, 'PPassword37', 'P-00024B', 22, '2021-12-17 05:49:20', '2021-12-17 05:49:20'),
(193, 'PPassword38', 'P-00025A', 23, '2021-12-17 05:49:20', '2021-12-17 05:49:20'),
(194, 'PPassword39', 'P-00025B', 23, '2021-12-17 05:49:20', '2021-12-17 05:49:20'),
(195, 'PPassword40', 'P-00026A', 23, '2021-12-17 05:49:20', '2021-12-17 05:49:20'),
(196, 'PPassword41', 'P-00026B', 23, '2021-12-17 05:49:20', '2021-12-17 05:49:20'),
(197, 'PPassword42', 'P-00027A', 23, '2021-12-17 05:49:20', '2021-12-17 05:49:20'),
(198, 'PPassword43', 'P-00028A', 24, '2021-12-17 05:49:20', '2021-12-17 05:49:20'),
(199, 'PPassword44', 'P-00028B', 24, '2021-12-17 05:49:20', '2021-12-17 05:49:20'),
(200, 'PPassword45', 'P-00029A', 24, '2021-12-17 05:49:20', '2021-12-17 05:49:20'),
(201, 'PPassword46', 'P-00029B', 24, '2021-12-17 05:49:20', '2021-12-17 05:49:20'),
(202, 'PPassword47', 'P-00029C', 24, '2021-12-17 05:49:20', '2021-12-17 05:49:20'),
(203, 'PPassword48', 'P-00030A', 24, '2021-12-17 05:49:20', '2021-12-17 05:49:20'),
(204, 'PPassword49', 'P-00031A', 24, '2021-12-17 05:49:20', '2021-12-17 05:49:20'),
(205, 'PPassword50', 'P-00032A', 24, '2021-12-17 05:49:20', '2021-12-17 05:49:20'),
(206, 'PPassword51', 'P-00033A', 24, '2021-12-17 05:49:20', '2021-12-17 05:49:20'),
(207, 'PPassword52', 'P-00034A', 24, '2021-12-17 05:49:20', '2021-12-17 05:49:20'),
(208, 'PPassword53', 'P-00035A', 24, '2021-12-17 05:49:20', '2021-12-17 05:49:20'),
(209, 'PPassword54', 'P-00036A', 24, '2021-12-17 05:49:20', '2021-12-17 05:49:20'),
(210, 'PPassword55', 'P-00037A', 24, '2021-12-17 05:49:20', '2021-12-17 05:49:20'),
(211, 'PPassword56', 'P-00038A', 24, '2021-12-17 05:49:20', '2021-12-17 05:49:20'),
(212, 'PPassword57', 'P-00038B', 24, '2021-12-17 05:49:20', '2021-12-17 05:49:20'),
(213, 'PPassword58', 'P-00038C', 24, '2021-12-17 05:49:20', '2021-12-17 05:49:20'),
(214, 'PPassword59', 'P-00038D', 24, '2021-12-17 05:49:20', '2021-12-17 05:49:20'),
(215, 'PPassword60', 'P-00038E', 24, '2021-12-17 05:49:20', '2021-12-17 05:49:20'),
(216, 'PPassword61', 'P-00039A', 24, '2021-12-17 05:49:20', '2021-12-17 05:49:20'),
(217, 'PPassword62', 'P-00040A', 24, '2021-12-17 05:49:20', '2021-12-17 05:49:20'),
(218, 'PPassword63', 'P-00041A', 24, '2021-12-17 05:49:20', '2021-12-17 05:49:20'),
(219, 'PPassword64', 'P-00041B', 24, '2021-12-17 05:49:20', '2021-12-17 05:49:20'),
(220, 'PPassword65', 'P-00042A', 24, '2021-12-17 05:49:20', '2021-12-17 05:49:20'),
(221, 'PPassword66', 'P-00042B', 24, '2021-12-17 05:49:20', '2021-12-17 05:49:20'),
(222, 'PPassword67', 'P-00042C', 24, '2021-12-17 05:49:20', '2021-12-17 05:49:20'),
(223, 'PPassword68', 'P-00043A', 24, '2021-12-17 05:49:20', '2021-12-17 05:49:20'),
(224, 'PPassword69', 'P-00043B', 24, '2021-12-17 05:49:20', '2021-12-17 05:49:20'),
(225, 'PPassword70', 'P-00043C', 24, '2021-12-17 05:49:20', '2021-12-17 05:49:20'),
(226, 'PPassword71', 'P-00044A', 24, '2021-12-17 05:49:20', '2021-12-17 05:49:20'),
(227, 'PPassword72', 'P-00044B', 24, '2021-12-17 05:49:20', '2021-12-17 05:49:20'),
(228, 'PPassword73', 'P-00044C', 24, '2021-12-17 05:49:20', '2021-12-17 05:49:20'),
(229, 'PPassword74', 'P-00045A', 24, '2021-12-17 05:49:20', '2021-12-17 05:49:20'),
(230, 'PPassword75', 'P-00045B', 24, '2021-12-17 05:49:20', '2021-12-17 05:49:20'),
(231, 'PPassword76', 'P-00045C', 24, '2021-12-17 05:49:20', '2021-12-17 05:49:20'),
(232, 'PPassword77', 'P-00045D', 24, '2021-12-17 05:49:20', '2021-12-17 05:49:20'),
(233, 'PPassword78', 'P-00045P1', 24, '2021-12-17 05:49:20', '2021-12-17 05:49:20'),
(234, 'PPassword79', 'P-00046A', 25, '2021-12-17 05:49:20', '2021-12-17 05:49:20'),
(235, 'PPassword80', 'P-00046B', 25, '2021-12-17 05:49:20', '2021-12-17 05:49:20'),
(236, 'PPassword81', 'P-00046C', 25, '2021-12-17 05:49:20', '2021-12-17 05:49:20'),
(237, 'PPassword82', 'P-00047A', 25, '2021-12-17 05:49:20', '2021-12-17 05:49:20'),
(238, 'PPassword83', 'P-00047B', 25, '2021-12-17 05:49:20', '2021-12-17 05:49:20'),
(239, 'PPassword84', 'P-00047C', 25, '2021-12-17 05:49:20', '2021-12-17 05:49:20'),
(240, 'PPassword85', 'P-00048A', 25, '2021-12-17 05:49:20', '2021-12-17 05:49:20'),
(241, 'PPassword86', 'P-00048B', 25, '2021-12-17 05:49:20', '2021-12-17 05:49:20'),
(242, 'PPassword87', 'P-00049A', 25, '2021-12-17 05:49:20', '2021-12-17 05:49:20'),
(243, 'PPassword88', 'P-00049B', 25, '2021-12-17 05:49:20', '2021-12-17 05:49:20'),
(244, 'PPassword89', 'P-00049C', 25, '2021-12-17 05:49:20', '2021-12-17 05:49:20'),
(245, 'PPassword90', 'P-00050A', 25, '2021-12-17 05:49:20', '2021-12-17 05:49:20'),
(246, 'PPassword91', 'P-00050B', 25, '2021-12-17 05:49:20', '2021-12-17 05:49:20'),
(247, 'PPassword92', 'P-00051A', 25, '2021-12-17 05:49:20', '2021-12-17 05:49:20'),
(248, 'PPassword93', 'P-00052A', 25, '2021-12-17 05:49:20', '2021-12-17 05:49:20'),
(249, 'PPassword94', 'P-00053A', 25, '2021-12-17 05:49:20', '2021-12-17 05:49:20'),
(250, 'PPassword95', 'P-00053B', 25, '2021-12-17 05:49:20', '2021-12-17 05:49:20'),
(251, 'PPassword96', 'P-00054A', 25, '2021-12-17 05:49:20', '2021-12-17 05:49:20'),
(252, 'PPassword97', 'P-00055A', 25, '2021-12-17 05:49:20', '2021-12-17 05:49:20'),
(253, 'PPassword98', 'P-00055B', 25, '2021-12-17 05:49:20', '2021-12-17 05:49:20'),
(254, 'PPassword99', 'P-00056A', 25, '2021-12-17 05:49:20', '2021-12-17 05:49:20'),
(255, 'PPassword100', 'P-00057A', 26, '2021-12-17 05:49:20', '2021-12-17 05:49:20'),
(256, 'PPassword101', 'P-00058A', 26, '2021-12-17 05:49:20', '2021-12-17 05:49:20'),
(257, 'PPassword102', 'P-00059A', 26, '2021-12-17 05:49:20', '2021-12-17 05:49:20'),
(258, 'PPassword103', 'P-00060A', 26, '2021-12-17 05:49:20', '2021-12-17 05:49:20'),
(259, 'PPassword104', 'P-00061A', 26, '2021-12-17 05:49:20', '2021-12-17 05:49:20'),
(260, 'PPassword105', 'P-00062A', 26, '2021-12-17 05:49:20', '2021-12-17 05:49:20'),
(261, 'PPassword106', 'P-00063A', 27, '2021-12-17 05:49:20', '2021-12-17 05:49:20'),
(262, 'PPassword107', 'P-00063B', 27, '2021-12-17 05:49:20', '2021-12-17 05:49:20'),
(263, 'PPassword108', 'P-00064A', 27, '2021-12-17 05:49:20', '2021-12-17 05:49:20'),
(264, 'PPassword109', 'P-00064B', 27, '2021-12-17 05:49:20', '2021-12-17 05:49:20'),
(265, 'PPassword110', 'P-00065A', 27, '2021-12-17 05:49:20', '2021-12-17 05:49:20'),
(266, 'PPassword111', 'P-00066A', 28, '2021-12-17 05:49:20', '2021-12-17 05:49:20'),
(267, 'PPassword112', 'P-00066B', 28, '2021-12-17 05:49:20', '2021-12-17 05:49:20'),
(268, 'PPassword113', 'P-00066C', 28, '2021-12-17 05:49:20', '2021-12-17 05:49:20'),
(269, 'PPassword114', 'P-00067A', 28, '2021-12-17 05:49:20', '2021-12-17 05:49:20'),
(270, 'PPassword115', 'P-00067B', 28, '2021-12-17 05:49:20', '2021-12-17 05:49:20'),
(271, 'PPassword116', 'P-00068A', 28, '2021-12-17 05:49:20', '2021-12-17 05:49:20'),
(272, 'PPassword117', 'P-00069A', 28, '2021-12-17 05:49:20', '2021-12-17 05:49:20'),
(273, 'PPassword118', 'P-00069B', 28, '2021-12-17 05:49:20', '2021-12-17 05:49:20'),
(274, 'PPassword119', 'P-00070A', 28, '2021-12-17 05:49:20', '2021-12-17 05:49:20'),
(275, 'PPassword120', 'P-00070B', 28, '2021-12-17 05:49:20', '2021-12-17 05:49:20'),
(276, 'PPassword121', 'P-00071A', 29, '2021-12-17 05:49:20', '2021-12-17 05:49:20'),
(277, 'PPassword122', 'P-00071B', 29, '2021-12-17 05:49:20', '2021-12-17 05:49:20'),
(278, 'PPassword123', 'P-00072A', 29, '2021-12-17 05:49:20', '2021-12-17 05:49:20'),
(279, 'PPassword124', 'P-00072B', 29, '2021-12-17 05:49:20', '2021-12-17 05:49:20'),
(280, 'PPassword125', 'P-00073A', 29, '2021-12-17 05:49:20', '2021-12-17 05:49:20'),
(281, 'PPassword126', 'P-00073B', 29, '2021-12-17 05:49:20', '2021-12-17 05:49:20'),
(282, 'PPassword127', 'P-00073C', 29, '2021-12-17 05:49:20', '2021-12-17 05:49:20'),
(283, 'PPassword128', 'P-00074A', 29, '2021-12-17 05:49:20', '2021-12-17 05:49:20'),
(284, 'PPassword129', 'P-00074B', 29, '2021-12-17 05:49:20', '2021-12-17 05:49:20'),
(285, 'PPassword130', 'P-00074C', 29, '2021-12-17 05:49:20', '2021-12-17 05:49:20'),
(286, 'PPassword131', 'P-00075A', 30, '2021-12-17 05:49:20', '2021-12-17 05:49:20'),
(287, 'PPassword132', 'P-00075B', 30, '2021-12-17 05:49:20', '2021-12-17 05:49:20'),
(288, 'PPassword133', 'P-00075C', 30, '2021-12-17 05:49:20', '2021-12-17 05:49:20'),
(289, 'PPassword134', 'P-00075D', 30, '2021-12-17 05:49:20', '2021-12-17 05:49:20'),
(290, 'PPassword135', 'P-00075E', 30, '2021-12-17 05:49:20', '2021-12-17 05:49:20'),
(291, 'PPassword136', 'P-00076A', 30, '2021-12-17 05:49:20', '2021-12-17 05:49:20'),
(292, 'PPassword137', 'P-00076B', 30, '2021-12-17 05:49:20', '2021-12-17 05:49:20'),
(293, 'PPassword138', 'P-00076C', 30, '2021-12-17 05:49:20', '2021-12-17 05:49:20'),
(294, 'PPassword139', 'P-00077A', 30, '2021-12-17 05:49:20', '2021-12-17 05:49:20'),
(295, 'PPassword140', 'P-00077B', 30, '2021-12-17 05:49:20', '2021-12-17 05:49:20'),
(296, 'PPassword141', 'P-00077C', 30, '2021-12-17 05:49:20', '2021-12-17 05:49:20'),
(297, 'PPassword142', 'P-00078A', 30, '2021-12-17 05:49:20', '2021-12-17 05:49:20'),
(298, 'PPassword143', 'P-00078B', 30, '2021-12-17 05:49:20', '2021-12-17 05:49:20'),
(299, 'PPassword144', 'P-00078C', 30, '2021-12-17 05:49:20', '2021-12-17 05:49:20'),
(300, 'PPassword145', 'P-00078D', 30, '2021-12-17 05:49:20', '2021-12-17 05:49:20'),
(301, 'PPassword146', 'P-00079A', 30, '2021-12-17 05:49:20', '2021-12-17 05:49:20'),
(302, 'PPassword147', 'P-00079B', 30, '2021-12-17 05:49:20', '2021-12-17 05:49:20'),
(303, 'PPassword148', 'P-00080A', 30, '2021-12-17 05:49:20', '2021-12-17 05:49:20'),
(304, 'PPassword149', 'P-00080B', 30, '2021-12-17 05:49:20', '2021-12-17 05:49:20'),
(305, 'PPassword150', 'P-00081A', 30, '2021-12-17 05:49:20', '2021-12-17 05:49:20'),
(306, 'PPassword151', 'P-00081B', 30, '2021-12-17 05:49:20', '2021-12-17 05:49:20'),
(307, 'PPassword152', 'P-00081C', 30, '2021-12-17 05:49:20', '2021-12-17 05:49:20'),
(308, 'PPassword153', 'P-00082A', 30, '2021-12-17 05:49:20', '2021-12-17 05:49:20'),
(309, 'PPassword154', 'P-00082B', 30, '2021-12-17 05:49:20', '2021-12-17 05:49:20'),
(310, 'PPassword155', 'P-00082C', 30, '2021-12-17 05:49:20', '2021-12-17 05:49:20'),
(311, 'EPassword1', 'E-0001A', 31, '2021-12-17 05:51:44', '2021-12-17 05:51:44'),
(312, 'EPassword2', 'E-0002A', 31, '2021-12-17 05:51:44', '2021-12-17 05:51:44'),
(313, 'EPassword3', 'E-0003A', 32, '2021-12-17 05:51:44', '2021-12-17 05:51:44'),
(314, 'EPassword4', 'E-0003B', 32, '2021-12-17 05:51:44', '2021-12-17 05:51:44'),
(315, 'EPassword5', 'E-0004A', 32, '2021-12-17 05:51:44', '2021-12-17 05:51:44'),
(316, 'EPassword6', 'E-0004B', 32, '2021-12-17 05:51:44', '2021-12-17 05:51:44'),
(317, 'EPassword7', 'E-0005A', 32, '2021-12-17 05:51:44', '2021-12-17 05:51:44'),
(318, 'EPassword8', 'E-0005B', 32, '2021-12-17 05:51:44', '2021-12-17 05:51:44'),
(319, 'EPassword9', 'E-0006A', 32, '2021-12-17 05:51:44', '2021-12-17 05:51:44'),
(320, 'EPassword10', 'E-0006B', 32, '2021-12-17 05:51:44', '2021-12-17 05:51:44'),
(321, 'EPassword11', 'E-0007A', 32, '2021-12-17 05:51:44', '2021-12-17 05:51:44'),
(322, 'EPassword12', 'E-0008A', 33, '2021-12-17 05:51:44', '2021-12-17 05:51:44'),
(323, 'EPassword13', 'E-0009A', 33, '2021-12-17 05:51:44', '2021-12-17 05:51:44'),
(324, 'EPassword14', 'E-0009P1', 33, '2021-12-17 05:51:44', '2021-12-17 05:51:44'),
(325, 'EPassword15', 'E-00010A', 34, '2021-12-17 05:51:44', '2021-12-17 05:51:44'),
(326, 'EPassword16', 'E-00011A', 34, '2021-12-17 05:51:44', '2021-12-17 05:51:44'),
(327, 'EPassword17', 'E-00012A', 34, '2021-12-17 05:51:44', '2021-12-17 05:51:44'),
(328, 'EPassword18', 'E-00013A', 34, '2021-12-17 05:51:44', '2021-12-17 05:51:44'),
(329, 'EPassword19', 'E-00014A', 35, '2021-12-17 05:51:44', '2021-12-17 05:51:44'),
(330, 'EPassword20', 'E-00014B', 35, '2021-12-17 05:51:44', '2021-12-17 05:51:44'),
(331, 'EPassword21', 'E-00015A', 35, '2021-12-17 05:51:44', '2021-12-17 05:51:44'),
(332, 'EPassword22', 'E-00015P1', 35, '2021-12-17 05:51:44', '2021-12-17 05:51:44'),
(333, 'EPassword23', 'E-00016A', 36, '2021-12-17 05:51:44', '2021-12-17 05:51:44'),
(334, 'EPassword24', 'E-00016B', 36, '2021-12-17 05:51:44', '2021-12-17 05:51:44'),
(335, 'EPassword25', 'E-00017A', 36, '2021-12-17 05:51:44', '2021-12-17 05:51:44'),
(336, 'EPassword26', 'E-00018A', 36, '2021-12-17 05:51:44', '2021-12-17 05:51:44'),
(337, 'EPassword27', 'E-00019A', 36, '2021-12-17 05:51:44', '2021-12-17 05:51:44'),
(338, 'EPassword28', 'E-00020A', 37, '2021-12-17 05:51:44', '2021-12-17 05:51:44'),
(339, 'EPassword29', 'E-00021A', 37, '2021-12-17 05:51:44', '2021-12-17 05:51:44'),
(340, 'EPassword30', 'E-00022A', 37, '2021-12-17 05:51:44', '2021-12-17 05:51:44'),
(341, 'EPassword31', 'E-00022B', 37, '2021-12-17 05:51:44', '2021-12-17 05:51:44'),
(342, 'EPassword32', 'E-00022C', 37, '2021-12-17 05:51:44', '2021-12-17 05:51:44'),
(343, 'EPassword33', 'E-00022D', 37, '2021-12-17 05:51:44', '2021-12-17 05:51:44'),
(344, 'EPassword34', 'E-00023A', 37, '2021-12-17 05:51:44', '2021-12-17 05:51:44'),
(345, 'EPassword35', 'E-00023B', 37, '2021-12-17 05:51:44', '2021-12-17 05:51:44'),
(346, 'EPassword36', 'E-00024A', 37, '2021-12-17 05:51:44', '2021-12-17 05:51:44'),
(347, 'EPassword37', 'E-00024B', 37, '2021-12-17 05:51:44', '2021-12-17 05:51:44'),
(348, 'EPassword38', 'E-00025A', 38, '2021-12-17 05:51:44', '2021-12-17 05:51:44'),
(349, 'EPassword39', 'E-00025B', 38, '2021-12-17 05:51:44', '2021-12-17 05:51:44'),
(350, 'EPassword40', 'E-00026A', 38, '2021-12-17 05:51:44', '2021-12-17 05:51:44'),
(351, 'EPassword41', 'E-00026B', 38, '2021-12-17 05:51:44', '2021-12-17 05:51:44'),
(352, 'EPassword42', 'E-00027A', 38, '2021-12-17 05:51:44', '2021-12-17 05:51:44'),
(353, 'EPassword43', 'E-00028A', 39, '2021-12-17 05:51:44', '2021-12-17 05:51:44'),
(354, 'EPassword44', 'E-00028B', 39, '2021-12-17 05:51:44', '2021-12-17 05:51:44'),
(355, 'EPassword45', 'E-00029A', 39, '2021-12-17 05:51:44', '2021-12-17 05:51:44'),
(356, 'EPassword46', 'E-00029B', 39, '2021-12-17 05:51:44', '2021-12-17 05:51:44'),
(357, 'EPassword47', 'E-00029C', 39, '2021-12-17 05:51:44', '2021-12-17 05:51:44'),
(358, 'EPassword48', 'E-00030A', 39, '2021-12-17 05:51:44', '2021-12-17 05:51:44'),
(359, 'EPassword49', 'E-00031A', 39, '2021-12-17 05:51:44', '2021-12-17 05:51:44'),
(360, 'EPassword50', 'E-00032A', 39, '2021-12-17 05:51:44', '2021-12-17 05:51:44'),
(361, 'EPassword51', 'E-00033A', 39, '2021-12-17 05:51:44', '2021-12-17 05:51:44'),
(362, 'EPassword52', 'E-00034A', 39, '2021-12-17 05:51:44', '2021-12-17 05:51:44'),
(363, 'EPassword53', 'E-00035A', 39, '2021-12-17 05:51:44', '2021-12-17 05:51:44'),
(364, 'EPassword54', 'E-00036A', 39, '2021-12-17 05:51:44', '2021-12-17 05:51:44'),
(365, 'EPassword55', 'E-00037A', 39, '2021-12-17 05:51:44', '2021-12-17 05:51:44'),
(366, 'EPassword56', 'E-00038A', 39, '2021-12-17 05:51:44', '2021-12-17 05:51:44'),
(367, 'EPassword57', 'E-00038B', 39, '2021-12-17 05:51:44', '2021-12-17 05:51:44'),
(368, 'EPassword58', 'E-00038C', 39, '2021-12-17 05:51:44', '2021-12-17 05:51:44'),
(369, 'EPassword59', 'E-00038D', 39, '2021-12-17 05:51:44', '2021-12-17 05:51:44'),
(370, 'EPassword60', 'E-00038E', 39, '2021-12-17 05:51:44', '2021-12-17 05:51:44'),
(371, 'EPassword61', 'E-00039A', 39, '2021-12-17 05:51:44', '2021-12-17 05:51:44'),
(372, 'EPassword62', 'E-00040A', 39, '2021-12-17 05:51:44', '2021-12-17 05:51:44'),
(373, 'EPassword63', 'E-00041A', 39, '2021-12-17 05:51:44', '2021-12-17 05:51:44'),
(374, 'EPassword64', 'E-00041B', 39, '2021-12-17 05:51:44', '2021-12-17 05:51:44'),
(375, 'EPassword65', 'E-00042A', 39, '2021-12-17 05:51:44', '2021-12-17 05:51:44'),
(376, 'EPassword66', 'E-00042B', 39, '2021-12-17 05:51:44', '2021-12-17 05:51:44'),
(377, 'EPassword67', 'E-00042C', 39, '2021-12-17 05:51:44', '2021-12-17 05:51:44'),
(378, 'EPassword68', 'E-00043A', 39, '2021-12-17 05:51:44', '2021-12-17 05:51:44'),
(379, 'EPassword69', 'E-00043B', 39, '2021-12-17 05:51:44', '2021-12-17 05:51:44'),
(380, 'EPassword70', 'E-00043C', 39, '2021-12-17 05:51:44', '2021-12-17 05:51:44'),
(381, 'EPassword71', 'E-00044A', 39, '2021-12-17 05:51:44', '2021-12-17 05:51:44'),
(382, 'EPassword72', 'E-00044B', 39, '2021-12-17 05:51:44', '2021-12-17 05:51:44'),
(383, 'EPassword73', 'E-00044C', 39, '2021-12-17 05:51:44', '2021-12-17 05:51:44'),
(384, 'EPassword74', 'E-00045A', 39, '2021-12-17 05:51:44', '2021-12-17 05:51:44'),
(385, 'EPassword75', 'E-00045B', 39, '2021-12-17 05:51:44', '2021-12-17 05:51:44'),
(386, 'EPassword76', 'E-00045C', 39, '2021-12-17 05:51:44', '2021-12-17 05:51:44'),
(387, 'EPassword77', 'E-00045D', 39, '2021-12-17 05:51:44', '2021-12-17 05:51:44'),
(388, 'EPassword78', 'E-00045P1', 39, '2021-12-17 05:51:44', '2021-12-17 05:51:44'),
(389, 'EPassword79', 'E-00046A', 40, '2021-12-17 05:51:44', '2021-12-17 05:51:44'),
(390, 'EPassword80', 'E-00046B', 40, '2021-12-17 05:51:44', '2021-12-17 05:51:44'),
(391, 'EPassword81', 'E-00046C', 40, '2021-12-17 05:51:44', '2021-12-17 05:51:44'),
(392, 'EPassword82', 'E-00047A', 40, '2021-12-17 05:51:44', '2021-12-17 05:51:44'),
(393, 'EPassword83', 'E-00047B', 40, '2021-12-17 05:51:44', '2021-12-17 05:51:44'),
(394, 'EPassword84', 'E-00047C', 40, '2021-12-17 05:51:44', '2021-12-17 05:51:44'),
(395, 'EPassword85', 'E-00048A', 40, '2021-12-17 05:51:44', '2021-12-17 05:51:44'),
(396, 'EPassword86', 'E-00048B', 40, '2021-12-17 05:51:44', '2021-12-17 05:51:44'),
(397, 'EPassword87', 'E-00049A', 40, '2021-12-17 05:51:44', '2021-12-17 05:51:44'),
(398, 'EPassword88', 'E-00049B', 40, '2021-12-17 05:51:44', '2021-12-17 05:51:44'),
(399, 'EPassword89', 'E-00049C', 40, '2021-12-17 05:51:44', '2021-12-17 05:51:44'),
(400, 'EPassword90', 'E-00050A', 40, '2021-12-17 05:51:44', '2021-12-17 05:51:44'),
(401, 'EPassword91', 'E-00050B', 40, '2021-12-17 05:51:44', '2021-12-17 05:51:44'),
(402, 'EPassword92', 'E-00051A', 40, '2021-12-17 05:51:44', '2021-12-17 05:51:44'),
(403, 'EPassword93', 'E-00052A', 40, '2021-12-17 05:51:44', '2021-12-17 05:51:44'),
(404, 'EPassword94', 'E-00053A', 40, '2021-12-17 05:51:44', '2021-12-17 05:51:44'),
(405, 'EPassword95', 'E-00053B', 40, '2021-12-17 05:51:44', '2021-12-17 05:51:44'),
(406, 'EPassword96', 'E-00054A', 40, '2021-12-17 05:51:44', '2021-12-17 05:51:44'),
(407, 'EPassword97', 'E-00055A', 40, '2021-12-17 05:51:44', '2021-12-17 05:51:44'),
(408, 'EPassword98', 'E-00055B', 40, '2021-12-17 05:51:44', '2021-12-17 05:51:44'),
(409, 'EPassword99', 'E-00056A', 40, '2021-12-17 05:51:44', '2021-12-17 05:51:44'),
(410, 'EPassword100', 'E-00057A', 41, '2021-12-17 05:51:44', '2021-12-17 05:51:44'),
(411, 'EPassword101', 'E-00058A', 41, '2021-12-17 05:51:44', '2021-12-17 05:51:44'),
(412, 'EPassword102', 'E-00059A', 41, '2021-12-17 05:51:44', '2021-12-17 05:51:44'),
(413, 'EPassword103', 'E-00060A', 41, '2021-12-17 05:51:44', '2021-12-17 05:51:44'),
(414, 'EPassword104', 'E-00061A', 41, '2021-12-17 05:51:44', '2021-12-17 05:51:44'),
(415, 'EPassword105', 'E-00062A', 41, '2021-12-17 05:51:44', '2021-12-17 05:51:44'),
(416, 'EPassword106', 'E-00063A', 42, '2021-12-17 05:51:44', '2021-12-17 05:51:44'),
(417, 'EPassword107', 'E-00063B', 42, '2021-12-17 05:51:44', '2021-12-17 05:51:44'),
(418, 'EPassword108', 'E-00064A', 42, '2021-12-17 05:51:44', '2021-12-17 05:51:44'),
(419, 'EPassword109', 'E-00064B', 42, '2021-12-17 05:51:44', '2021-12-17 05:51:44'),
(420, 'EPassword110', 'E-00065A', 42, '2021-12-17 05:51:44', '2021-12-17 05:51:44'),
(421, 'EPassword111', 'E-00066A', 43, '2021-12-17 05:51:44', '2021-12-17 05:51:44'),
(422, 'EPassword112', 'E-00066B', 43, '2021-12-17 05:51:44', '2021-12-17 05:51:44'),
(423, 'EPassword113', 'E-00066C', 43, '2021-12-17 05:51:44', '2021-12-17 05:51:44'),
(424, 'EPassword114', 'E-00067A', 43, '2021-12-17 05:51:44', '2021-12-17 05:51:44'),
(425, 'EPassword115', 'E-00067B', 43, '2021-12-17 05:51:44', '2021-12-17 05:51:44'),
(426, 'EPassword116', 'E-00068A', 43, '2021-12-17 05:51:44', '2021-12-17 05:51:44'),
(427, 'EPassword117', 'E-00069A', 43, '2021-12-17 05:51:44', '2021-12-17 05:51:44'),
(428, 'EPassword118', 'E-00069B', 43, '2021-12-17 05:51:44', '2021-12-17 05:51:44'),
(429, 'EPassword119', 'E-00070A', 43, '2021-12-17 05:51:44', '2021-12-17 05:51:44'),
(430, 'EPassword120', 'E-00070B', 43, '2021-12-17 05:51:44', '2021-12-17 05:51:44'),
(431, 'EPassword121', 'E-00071A', 44, '2021-12-17 05:51:44', '2021-12-17 05:51:44'),
(432, 'EPassword122', 'E-00071B', 44, '2021-12-17 05:51:44', '2021-12-17 05:51:44'),
(433, 'EPassword123', 'E-00072A', 44, '2021-12-17 05:51:44', '2021-12-17 05:51:44'),
(434, 'EPassword124', 'E-00072B', 44, '2021-12-17 05:51:44', '2021-12-17 05:51:44'),
(435, 'EPassword125', 'E-00073A', 44, '2021-12-17 05:51:44', '2021-12-17 05:51:44'),
(436, 'EPassword126', 'E-00073B', 44, '2021-12-17 05:51:44', '2021-12-17 05:51:44'),
(437, 'EPassword127', 'E-00073C', 44, '2021-12-17 05:51:44', '2021-12-17 05:51:44'),
(438, 'EPassword128', 'E-00074A', 44, '2021-12-17 05:51:44', '2021-12-17 05:51:44'),
(439, 'EPassword129', 'E-00074B', 44, '2021-12-17 05:51:44', '2021-12-17 05:51:44'),
(440, 'EPassword130', 'E-00074C', 44, '2021-12-17 05:51:44', '2021-12-17 05:51:44'),
(441, 'EPassword131', 'E-00075A', 45, '2021-12-17 05:51:44', '2021-12-17 05:51:44'),
(442, 'EPassword132', 'E-00075B', 45, '2021-12-17 05:51:44', '2021-12-17 05:51:44'),
(443, 'EPassword133', 'E-00075C', 45, '2021-12-17 05:51:44', '2021-12-17 05:51:44'),
(444, 'EPassword134', 'E-00075D', 45, '2021-12-17 05:51:44', '2021-12-17 05:51:44'),
(445, 'EPassword135', 'E-00075E', 45, '2021-12-17 05:51:44', '2021-12-17 05:51:44'),
(446, 'EPassword136', 'E-00076A', 45, '2021-12-17 05:51:44', '2021-12-17 05:51:44'),
(447, 'EPassword137', 'E-00076B', 45, '2021-12-17 05:51:44', '2021-12-17 05:51:44'),
(448, 'EPassword138', 'E-00076C', 45, '2021-12-17 05:51:44', '2021-12-17 05:51:44'),
(449, 'EPassword139', 'E-00077A', 45, '2021-12-17 05:51:44', '2021-12-17 05:51:44'),
(450, 'EPassword140', 'E-00077B', 45, '2021-12-17 05:51:44', '2021-12-17 05:51:44'),
(451, 'EPassword141', 'E-00077C', 45, '2021-12-17 05:51:44', '2021-12-17 05:51:44'),
(452, 'EPassword142', 'E-00078A', 45, '2021-12-17 05:51:44', '2021-12-17 05:51:44'),
(453, 'EPassword143', 'E-00078B', 45, '2021-12-17 05:51:44', '2021-12-17 05:51:44'),
(454, 'EPassword144', 'E-00078C', 45, '2021-12-17 05:51:44', '2021-12-17 05:51:44'),
(455, 'EPassword145', 'E-00078D', 45, '2021-12-17 05:51:44', '2021-12-17 05:51:44'),
(456, 'EPassword146', 'E-00079A', 45, '2021-12-17 05:51:44', '2021-12-17 05:51:44'),
(457, 'EPassword147', 'E-00079B', 45, '2021-12-17 05:51:44', '2021-12-17 05:51:44'),
(458, 'EPassword148', 'E-00080A', 45, '2021-12-17 05:51:44', '2021-12-17 05:51:44'),
(459, 'EPassword149', 'E-00080B', 45, '2021-12-17 05:51:44', '2021-12-17 05:51:44'),
(460, 'EPassword150', 'E-00081A', 45, '2021-12-17 05:51:44', '2021-12-17 05:51:44'),
(461, 'EPassword151', 'E-00081B', 45, '2021-12-17 05:51:44', '2021-12-17 05:51:44'),
(462, 'EPassword152', 'E-00081C', 45, '2021-12-17 05:51:44', '2021-12-17 05:51:44'),
(463, 'EPassword153', 'E-00082A', 45, '2021-12-17 05:51:44', '2021-12-17 05:51:44'),
(464, 'EPassword154', 'E-00082B', 45, '2021-12-17 05:51:44', '2021-12-17 05:51:44'),
(465, 'EPassword155', 'E-00082C', 45, '2021-12-17 05:51:44', '2021-12-17 05:51:44');

--
-- Indexes for dumped tables
--

--
-- Indexes for table `answers`
--
ALTER TABLE `answers`
  ADD PRIMARY KEY (`id`),
  ADD KEY `answers_survey_id_foreign` (`survey_id`),
  ADD KEY `answers_user_id_foreign` (`user_id`),
  ADD KEY `answers_m_c_q_s_id_foreign` (`m_c_q_s_id`);

--
-- Indexes for table `categories`
--
ALTER TABLE `categories`
  ADD PRIMARY KEY (`id`);

--
-- Indexes for table `database__names`
--
ALTER TABLE `database__names`
  ADD PRIMARY KEY (`id`),
  ADD KEY `database__names_category_id_foreign` (`category_id`);

--
-- Indexes for table `migrations`
--
ALTER TABLE `migrations`
  ADD PRIMARY KEY (`id`);

--
-- Indexes for table `m_c_q_s`
--
ALTER TABLE `m_c_q_s`
  ADD PRIMARY KEY (`id`),
  ADD KEY `m_c_q_s_category_id_foreign` (`category_id`);

--
-- Indexes for table `personal_access_tokens`
--
ALTER TABLE `personal_access_tokens`
  ADD PRIMARY KEY (`id`),
  ADD UNIQUE KEY `personal_access_tokens_token_unique` (`token`),
  ADD KEY `personal_access_tokens_tokenable_type_tokenable_id_index` (`tokenable_type`,`tokenable_id`);

--
-- Indexes for table `surveys`
--
ALTER TABLE `surveys`
  ADD PRIMARY KEY (`id`);

--
-- Indexes for table `users`
--
ALTER TABLE `users`
  ADD PRIMARY KEY (`id`),
  ADD UNIQUE KEY `users_pass_word_unique` (`pass_word`),
  ADD KEY `users_database__name_id_foreign` (`database__name_id`);

--
-- AUTO_INCREMENT for dumped tables
--

--
-- AUTO_INCREMENT for table `answers`
--
ALTER TABLE `answers`
  MODIFY `id` bigint(20) UNSIGNED NOT NULL AUTO_INCREMENT;

--
-- AUTO_INCREMENT for table `categories`
--
ALTER TABLE `categories`
  MODIFY `id` bigint(20) UNSIGNED NOT NULL AUTO_INCREMENT, AUTO_INCREMENT=4;

--
-- AUTO_INCREMENT for table `database__names`
--
ALTER TABLE `database__names`
  MODIFY `id` bigint(20) UNSIGNED NOT NULL AUTO_INCREMENT, AUTO_INCREMENT=46;

--
-- AUTO_INCREMENT for table `migrations`
--
ALTER TABLE `migrations`
  MODIFY `id` int(10) UNSIGNED NOT NULL AUTO_INCREMENT, AUTO_INCREMENT=8;

--
-- AUTO_INCREMENT for table `m_c_q_s`
--
ALTER TABLE `m_c_q_s`
  MODIFY `id` bigint(20) UNSIGNED NOT NULL AUTO_INCREMENT, AUTO_INCREMENT=14;

--
-- AUTO_INCREMENT for table `personal_access_tokens`
--
ALTER TABLE `personal_access_tokens`
  MODIFY `id` bigint(20) UNSIGNED NOT NULL AUTO_INCREMENT;

--
-- AUTO_INCREMENT for table `surveys`
--
ALTER TABLE `surveys`
  MODIFY `id` bigint(20) UNSIGNED NOT NULL AUTO_INCREMENT, AUTO_INCREMENT=45;

--
-- AUTO_INCREMENT for table `users`
--
ALTER TABLE `users`
  MODIFY `id` bigint(20) UNSIGNED NOT NULL AUTO_INCREMENT, AUTO_INCREMENT=466;

--
-- Constraints for dumped tables
--

--
-- Constraints for table `answers`
--
ALTER TABLE `answers`
  ADD CONSTRAINT `answers_m_c_q_s_id_foreign` FOREIGN KEY (`m_c_q_s_id`) REFERENCES `m_c_q_s` (`id`),
  ADD CONSTRAINT `answers_survey_id_foreign` FOREIGN KEY (`survey_id`) REFERENCES `surveys` (`id`),
  ADD CONSTRAINT `answers_user_id_foreign` FOREIGN KEY (`user_id`) REFERENCES `users` (`id`);

--
-- Constraints for table `database__names`
--
ALTER TABLE `database__names`
  ADD CONSTRAINT `database__names_category_id_foreign` FOREIGN KEY (`category_id`) REFERENCES `categories` (`id`);

--
-- Constraints for table `m_c_q_s`
--
ALTER TABLE `m_c_q_s`
  ADD CONSTRAINT `m_c_q_s_category_id_foreign` FOREIGN KEY (`category_id`) REFERENCES `categories` (`id`);

--
-- Constraints for table `users`
--
ALTER TABLE `users`
  ADD CONSTRAINT `users_database__name_id_foreign` FOREIGN KEY (`database__name_id`) REFERENCES `database__names` (`id`);
COMMIT;

/*!40101 SET CHARACTER_SET_CLIENT=@OLD_CHARACTER_SET_CLIENT */;
/*!40101 SET CHARACTER_SET_RESULTS=@OLD_CHARACTER_SET_RESULTS */;
/*!40101 SET COLLATION_CONNECTION=@OLD_COLLATION_CONNECTION */;
